"","x"
"1985-09-30",28.4
"1985-10-01",28.3
"1985-10-04",28.75
"1985-10-07",28.6
"1985-10-08",28.75
"1985-10-09",28.7
"1985-10-10",28.3
"1985-10-11",28.3
"1985-10-14",27.65
"1985-10-15",28.05
"1985-10-16",28.1
"1985-10-17",28.15
"1985-10-18",27.95
"1985-10-21",28.25
"1985-10-22",28.15
"1985-10-23",28.3
"1985-10-24",28.6
"1985-10-25",28.75
"1985-10-28",28.9
"1985-10-29",28.55
"1985-10-30",28.95
"1985-10-31",29.05
"1985-11-01",29.1
"1985-11-04",28.95
"1985-11-05",28.35
"1985-11-06",29.1
"1985-11-07",29.2
"1985-11-08",29.2
"1985-11-11",29.65
"1985-11-12",29.65
"1985-11-13",29.9
"1985-11-14",30.75
"1985-11-15",30.1
"1985-11-18",30
"1985-11-19",30.3
"1985-11-20",30.5
"1985-11-21",30.7
"1985-11-22",30.65
"1985-11-25",30.65
"1985-11-26",30.6
"1985-11-29",29.35
"1985-12-02",29
"1985-12-03",29
"1985-12-04",28.35
"1985-12-05",28.25
"1985-12-06",28.25
"1985-12-09",28
"1985-12-10",28
"1985-12-11",25.75
"1985-12-12",27
"1985-12-13",26.75
"1985-12-16",26.4
"1985-12-17",25.2
"1985-12-18",25.45
"1985-12-19",25.55
"1985-12-20",25.65
"1985-12-23",25.5
"1985-12-26",25.5
"1985-12-27",25.5
"1985-12-30",26.6
"1985-12-31",26.3
"1986-01-02",25.65
"1986-01-03",26
"1986-01-06",26.45
"1986-01-07",26.4
"1986-01-08",25.8
"1986-01-09",25.05
"1986-01-10",25.1
"1986-01-13",24.9
"1986-01-14",24.4
"1986-01-15",24.1
"1986-01-16",22.6
"1986-01-17",22.4
"1986-01-20",20.8
"1986-01-21",19.85
"1986-01-22",20.05
"1986-01-23",18.4
"1986-01-24",18.55
"1986-01-27",19
"1986-01-28",19.75
"1986-01-29",18.7
"1986-01-30",19.5
"1986-01-31",18.3
"1986-02-03",18
"1986-02-04",17.75
"1986-02-05",17.75
"1986-02-06",17.75
"1986-02-07",18
"1986-02-10",18
"1986-02-11",17.9
"1986-02-12",16.5
"1986-02-13",16.3
"1986-02-14",16.3
"1986-02-18",16.3
"1986-02-19",17.1
"1986-02-20",16.3
"1986-02-21",16.3
"1986-02-24",16.7
"1986-02-25",17.35
"1986-02-26",18.2
"1986-02-27",17.5
"1986-02-28",16.7
"1986-03-03",16.2
"1986-03-04",15.25
"1986-03-05",15
"1986-03-06",15
"1986-03-07",14.5
"1986-03-10",14.5
"1986-03-11",14.6
"1986-03-12",14.6
"1986-03-13",15
"1986-03-14",15
"1986-03-17",13.75
"1986-03-18",13.95
"1986-03-19",14.45
"1986-03-20",14.7
"1986-03-21",13.75
"1986-03-24",12.7
"1986-03-25",12.65
"1986-03-26",11.9
"1986-03-31",11.9
"1986-04-01",9.7
"1986-04-02",11
"1986-04-03",10.7
"1986-04-04",12.25
"1986-04-07",13.85
"1986-04-08",13.85
"1986-04-09",13
"1986-04-10",13.9
"1986-04-11",14
"1986-04-14",14
"1986-04-15",13.5
"1986-04-16",12.5
"1986-04-17",11.85
"1986-04-18",12
"1986-04-21",11.4
"1986-04-22",11.55
"1986-04-23",12.15
"1986-04-24",12.9
"1986-04-25",11.4
"1986-04-28",12.8
"1986-04-29",12.35
"1986-04-30",12.35
"1986-05-01",12.65
"1986-05-02",13.55
"1986-05-05",13.55
"1986-05-06",13.7
"1986-05-07",14.1
"1986-05-08",14.2
"1986-05-09",14.4
"1986-05-12",14.75
"1986-05-13",13.6
"1986-05-14",13.85
"1986-05-15",14.6
"1986-05-16",14.85
"1986-05-19",15.4
"1986-05-21",14.525
"1986-05-22",13.75
"1986-05-23",14.25
"1986-05-27",14.1
"1986-05-28",13.8
"1986-05-29",13.2
"1986-05-30",13.45
"1986-06-02",12.95
"1986-06-03",12.8
"1986-06-04",11.9
"1986-06-05",12.15
"1986-06-06",12.1
"1986-06-09",11.95
"1986-06-10",12
"1986-06-11",12
"1986-06-12",12.3
"1986-06-13",12.4
"1986-06-16",12.25
"1986-06-17",12.25
"1986-06-18",12.15
"1986-06-19",11.8
"1986-06-20",11.6
"1986-06-23",11.45
"1986-06-24",11.35
"1986-06-25",11.35
"1986-06-26",11.55
"1986-06-27",11.55
"1986-06-30",11.5
"1986-07-01",10.9
"1986-07-03",10.15
"1986-07-07",10
"1986-07-08",9.7
"1986-07-09",9.6
"1986-07-10",9.4
"1986-07-11",9.2
"1986-07-14",8.8
"1986-07-15",8.85
"1986-07-16",9.1
"1986-07-17",9.9
"1986-07-18",9.5
"1986-07-21",10.1
"1986-07-22",9.3
"1986-07-23",8.55
"1986-07-24",8.95
"1986-07-25",8.95
"1986-07-28",8.8
"1986-07-29",9.95
"1986-07-30",9.6
"1986-07-31",9.3
"1986-08-01",9.3
"1986-08-04",9.3
"1986-08-05",9.3
"1986-08-06",13.05
"1986-08-07",13.6
"1986-08-08",12.7
"1986-08-11",12.55
"1986-08-12",12.9
"1986-08-13",13.3
"1986-08-14",13.75
"1986-08-15",13.9
"1986-08-18",14.5
"1986-08-20",13.8
"1986-08-21",13.95
"1986-08-22",13.75
"1986-08-25",13.75
"1986-08-26",14.15
"1986-08-27",14.35
"1986-08-28",14.3
"1986-08-29",14.9
"1986-09-02",15.4
"1986-09-03",15
"1986-09-04",15.15
"1986-09-05",15.4
"1986-09-08",14.8
"1986-09-09",14.55
"1986-09-10",14.55
"1986-09-11",14.45
"1986-09-12",14.45
"1986-09-15",14
"1986-09-16",13.4
"1986-09-17",13.4
"1986-09-18",13.8
"1986-09-19",14.05
"1986-09-22",13.8
"1986-09-23",13.45
"1986-09-24",13.9
"1986-09-26",13.65
"1986-09-29",13.75
"1986-09-30",14.05
"1986-10-01",13.85
"1986-10-02",14.1
"1986-10-03",13.85
"1986-10-06",13.65
"1986-10-07",14.2
"1986-10-08",13.95
"1986-10-09",13.85
"1986-10-10",13.5
"1986-10-13",13.35
"1986-10-14",13.15
"1986-10-15",13.6
"1986-10-16",13.15
"1986-10-17",13.4
"1986-10-20",13.9
"1986-10-21",14.45
"1986-10-22",14.2
"1986-10-23",14
"1986-10-24",13.9
"1986-10-27",13.6
"1986-10-28",13.3
"1986-10-29",12.8
"1986-10-30",13.65
"1986-10-31",14.25
"1986-11-03",13.85
"1986-11-04",13.9
"1986-11-05",13.85
"1986-11-06",13.9
"1986-11-07",14.3
"1986-11-10",14.35
"1986-11-11",14.45
"1986-11-12",14.55
"1986-11-13",14.6
"1986-11-14",14.9
"1986-11-17",15.3
"1986-11-18",15.3
"1986-11-19",15.4
"1986-11-20",15.2
"1986-11-21",14.9
"1986-11-24",14.85
"1986-11-25",14.35
"1986-11-26",14.6
"1986-11-28",14.55
"1986-12-01",14.65
"1986-12-02",14.7
"1986-12-03",14.75
"1986-12-04",14.55
"1986-12-05",14.7
"1986-12-08",14.65
"1986-12-09",14.6
"1986-12-10",14.6
"1986-12-11",14.65
"1986-12-12",15.35
"1986-12-15",15.9
"1986-12-16",15.9
"1986-12-17",15.65
"1986-12-18",15.75
"1986-12-19",16.35
"1986-12-22",17.1
"1986-12-23",16.9
"1986-12-24",17.05
"1986-12-26",17.05
"1986-12-29",17.55
"1986-12-30",17.55
"1986-12-31",18.15
"1987-01-02",18.25
"1987-01-05",18.2
"1987-01-06",18.05
"1987-01-07",18.15
"1987-01-08",18.35
"1987-01-09",18.35
"1987-01-12",18.8
"1987-01-13",18.65
"1987-01-14",18.65
"1987-01-15",18.9
"1987-01-16",18.8
"1987-01-19",18.65
"1987-01-20",18.55
"1987-01-21",18.45
"1987-01-22",18.55
"1987-01-23",18.45
"1987-01-26",18.4
"1987-01-27",18.3
"1987-01-28",18.4
"1987-01-29",18.35
"1987-01-30",18.35
"1987-02-02",18.25
"1987-02-03",18.1
"1987-02-04",17.75
"1987-02-05",17.95
"1987-02-06",18.1
"1987-02-09",17.95
"1987-02-10",17.9
"1987-02-11",17.55
"1987-02-13",17.35
"1987-02-17",17.3
"1987-02-18",16.95
"1987-02-19",17
"1987-02-20",17.3
"1987-02-23",17
"1987-02-24",16.5
"1987-02-25",15.95
"1987-02-26",16.25
"1987-02-27",16.2
"1987-03-02",15.85
"1987-03-03",16.65
"1987-03-04",17.2
"1987-03-05",17.2
"1987-03-06",17.55
"1987-03-09",17.55
"1987-03-10",17.65
"1987-03-11",18
"1987-03-12",17.7
"1987-03-13",17.85
"1987-03-16",18
"1987-03-17",18.15
"1987-03-18",18.35
"1987-03-19",18.3
"1987-03-20",18.2
"1987-03-23",18.05
"1987-03-24",18.25
"1987-03-25",18.35
"1987-03-26",18.4
"1987-03-27",18.4
"1987-03-30",18.3
"1987-03-31",18.45
"1987-04-01",18.25
"1987-04-02",18.5
"1987-04-03",18.45
"1987-04-06",18.65
"1987-04-07",19.35
"1987-04-08",19.65
"1987-04-09",19.6
"1987-04-10",19.7
"1987-04-13",17.45
"1987-04-14",17.45
"1987-04-15",17.75
"1987-04-16",17.85
"1987-04-17",17.85
"1987-04-21",18.05
"1987-04-22",18.05
"1987-04-23",18.1
"1987-04-24",18.1
"1987-04-27",18.25
"1987-04-28",18.25
"1987-04-29",18.2
"1987-04-30",18.25
"1987-05-01",18.6
"1987-05-04",18.6
"1987-05-05",19.15
"1987-05-06",19.25
"1987-05-07",18.85
"1987-05-08",18.45
"1987-05-11",18.7
"1987-05-12",18.65
"1987-05-13",18.9
"1987-05-14",18.85
"1987-05-15",19
"1987-05-18",19
"1987-05-19",18.85
"1987-05-20",18.6
"1987-05-21",18.5
"1987-05-22",18.7
"1987-05-26",18.7
"1987-05-27",18.65
"1987-05-28",18.65
"1987-05-29",18.65
"1987-06-01",18.7
"1987-06-02",18.7
"1987-06-03",18.7
"1987-06-04",18.7
"1987-06-05",18.7
"1987-06-09",18.7
"1987-06-10",18.75
"1987-06-11",18.65
"1987-06-12",18.7
"1987-06-15",18.75
"1987-06-16",18.83
"1987-06-17",18.95
"1987-06-18",18.95
"1987-06-19",19
"1987-06-22",19.1
"1987-06-23",18.9
"1987-06-24",18.75
"1987-06-25",18.65
"1987-06-26",19.1
"1987-06-29",19.2
"1987-06-30",19.05
"1987-07-01",19
"1987-07-02",19.3
"1987-07-06",19.35
"1987-07-07",19.45
"1987-07-08",19.35
"1987-07-09",19.6
"1987-07-10",19.7
"1987-07-13",19.8
"1987-07-14",19.85
"1987-07-15",20.2
"1987-07-16",20.6
"1987-07-17",20.5
"1987-07-20",20.6
"1987-07-21",20.3
"1987-07-22",20
"1987-07-23",20.05
"1987-07-24",19.4
"1987-07-27",19.35
"1987-07-28",19.6
"1987-07-29",19.95
"1987-07-30",20.1
"1987-07-31",19.95
"1987-08-03",20.8
"1987-08-04",20.55
"1987-08-05",19.7
"1987-08-06",19.8
"1987-08-07",19.6
"1987-08-10",19.5
"1987-08-11",19.4
"1987-08-12",19.55
"1987-08-13",19.55
"1987-08-14",19.3
"1987-08-17",18.9
"1987-08-18",18.75
"1987-08-19",18.6
"1987-08-21",18.3
"1987-08-24",17.3
"1987-08-25",17.7
"1987-08-26",18.05
"1987-08-27",18.15
"1987-08-28",18.65
"1987-08-31",18.65
"1987-09-01",18.5
"1987-09-02",18.5
"1987-09-03",18.2
"1987-09-04",18.2
"1987-09-08",17.65
"1987-09-09",18.2
"1987-09-10",18.2
"1987-09-11",18.15
"1987-09-14",18.2
"1987-09-15",18.6
"1987-09-16",18.55
"1987-09-17",18.45
"1987-09-18",18.35
"1987-09-21",18.35
"1987-09-22",18.4
"1987-09-23",18.55
"1987-09-24",18.7
"1987-09-25",18.6
"1987-09-28",18.65
"1987-09-29",18.5
"1987-09-30",18.7
"1987-10-01",18.6
"1987-10-02",18.8
"1987-10-05",18.95
"1987-10-06",18.75
"1987-10-07",18.55
"1987-10-08",18.65
"1987-10-09",18.65
"1987-10-12",18.65
"1987-10-13",18.6
"1987-10-14",18.8
"1987-10-15",18.8
"1987-10-16",18.95
"1987-10-19",19.1
"1987-10-20",18.75
"1987-10-21",19.05
"1987-10-22",19.2
"1987-10-23",19
"1987-10-26",18.8
"1987-10-27",18.8
"1987-10-28",18.9
"1987-10-29",18.8
"1987-10-30",18.75
"1987-11-02",18.6
"1987-11-03",18.45
"1987-11-04",18.2
"1987-11-05",18
"1987-11-06",18.1
"1987-11-09",17.7
"1987-11-10",18
"1987-11-11",17.9
"1987-11-12",18
"1987-11-13",17.9
"1987-11-16",17.85
"1987-11-17",17.6
"1987-11-18",17.4
"1987-11-19",17.6
"1987-11-20",17.75
"1987-11-23",17.95
"1987-11-24",17.95
"1987-11-25",17.8
"1987-11-27",17.95
"1987-11-30",17.85
"1987-12-01",17.75
"1987-12-02",17.65
"1987-12-03",17.9
"1987-12-04",18
"1987-12-07",17.8
"1987-12-08",17.65
"1987-12-09",17.5
"1987-12-10",17.7
"1987-12-11",17.75
"1987-12-14",16.7
"1987-12-15",16
"1987-12-16",16
"1987-12-17",15.2
"1987-12-18",15.6
"1987-12-21",15.9
"1987-12-22",16.6
"1987-12-23",17.4
"1987-12-24",18.15
"1987-12-28",18.15
"1987-12-29",18.05
"1987-12-30",18.4
"1988-01-04",18.3
"1988-01-05",18.65
"1988-01-06",17.65
"1988-01-07",17.3
"1988-01-08",16.85
"1988-01-11",16.65
"1988-01-12",15.9
"1988-01-13",16.2
"1988-01-14",16.2
"1988-01-15",16.55
"1988-01-18",16.8
"1988-01-19",17
"1988-01-20",16.7
"1988-01-21",17.05
"1988-01-22",16.65
"1988-01-25",16.55
"1988-01-26",16.35
"1988-01-27",16.25
"1988-01-28",16.1
"1988-01-29",16.25
"1988-02-01",16.05
"1988-02-02",16.15
"1988-02-03",16
"1988-02-04",16.25
"1988-02-05",16.15
"1988-02-08",16.85
"1988-02-09",16.8
"1988-02-10",16.4
"1988-02-11",16.4
"1988-02-12",16.05
"1988-02-16",15.95
"1988-02-17",16.05
"1988-02-18",15.65
"1988-02-19",15.65
"1988-02-22",15.65
"1988-02-23",15.65
"1988-02-24",15.45
"1988-02-25",14.95
"1988-02-26",14.65
"1988-02-29",14.7
"1988-03-01",14.25
"1988-03-02",13.95
"1988-03-03",14.05
"1988-03-04",14.05
"1988-03-07",13.8
"1988-03-08",13.8
"1988-03-09",13.9
"1988-03-10",14.75
"1988-03-11",14.95
"1988-03-14",14.35
"1988-03-15",14.3
"1988-03-16",14.6
"1988-03-17",14.45
"1988-03-18",14.9
"1988-03-21",15.4
"1988-03-22",14.35
"1988-03-23",15.2
"1988-03-24",15.55
"1988-03-25",15.35
"1988-03-28",15.6
"1988-03-29",15.55
"1988-03-30",15.75
"1988-03-31",15.8
"1988-04-04",15.8
"1988-04-05",15.6
"1988-04-06",15.4
"1988-04-07",15.45
"1988-04-08",15.6
"1988-04-11",16.25
"1988-04-12",16.5
"1988-04-13",16.6
"1988-04-14",16.8
"1988-04-15",16.95
"1988-04-18",17.5
"1988-04-19",17.05
"1988-04-20",16.8
"1988-04-21",17.1
"1988-04-22",17.2
"1988-04-25",17.15
"1988-04-26",17.2
"1988-04-27",17.45
"1988-04-28",16.25
"1988-04-29",15.95
"1988-05-02",15.95
"1988-05-03",15.55
"1988-05-04",15.55
"1988-05-05",15.65
"1988-05-06",15.75
"1988-05-09",15.9
"1988-05-10",15.9
"1988-05-11",15.9
"1988-05-12",15.8
"1988-05-13",15.85
"1988-05-16",16.05
"1988-05-17",16.05
"1988-05-18",15.9
"1988-05-19",15.9
"1988-05-20",15.95
"1988-05-23",15.9
"1988-05-24",15.9
"1988-05-25",15.7
"1988-05-26",15.7
"1988-05-27",15.75
"1988-05-31",15.6
"1988-06-01",15.65
"1988-06-02",15.95
"1988-06-06",15.9
"1988-06-07",15.75
"1988-06-08",15.7
"1988-06-09",15.75
"1988-06-10",15.5
"1988-06-13",15.05
"1988-06-14",15.4
"1988-06-15",15.35
"1988-06-16",15
"1988-06-17",15.05
"1988-06-20",14.85
"1988-06-21",14.45
"1988-06-22",14.5
"1988-06-23",14.5
"1988-06-24",14.5
"1988-06-27",14.15
"1988-06-28",14.15
"1988-06-30",14.25
"1988-07-01",14.05
"1988-07-05",14.05
"1988-07-06",14.4
"1988-07-07",15.55
"1988-07-08",15.1
"1988-07-11",14.5
"1988-07-12",14.05
"1988-07-13",14.1
"1988-07-14",14.1
"1988-07-15",14.15
"1988-07-18",15.1
"1988-07-19",15.05
"1988-07-20",15.3
"1988-07-21",15.6
"1988-07-22",15.75
"1988-07-25",15.8
"1988-07-26",15.4
"1988-07-27",15.45
"1988-07-28",15.8
"1988-07-29",15.75
"1988-08-01",15.65
"1988-08-02",15.45
"1988-08-03",14.95
"1988-08-04",14.55
"1988-08-05",14.8
"1988-08-08",15.45
"1988-08-09",15.35
"1988-08-10",15.35
"1988-08-11",15.05
"1988-08-12",15.15
"1988-08-15",15.15
"1988-08-16",14.85
"1988-08-17",14.9
"1988-08-18",14.9
"1988-08-19",14.95
"1988-08-22",15.1
"1988-08-23",14.95
"1988-08-24",14.95
"1988-08-25",14.7
"1988-08-28",14.55
"1988-08-29",14.55
"1988-08-30",14.5
"1988-08-31",14.55
"1988-09-01",14.35
"1988-09-02",13.9
"1988-09-06",13.65
"1988-09-07",13.35
"1988-09-08",13.25
"1988-09-09",13.3
"1988-09-12",12.7
"1988-09-13",13.25
"1988-09-14",14
"1988-09-16",13.55
"1988-09-19",13.25
"1988-09-20",13.25
"1988-09-21",13.25
"1988-09-22",13.4
"1988-09-23",13.3
"1988-09-26",13.25
"1988-09-27",12.7
"1988-09-28",12.75
"1988-09-29",12.5
"1988-09-30",12.05
"1988-10-03",11.7
"1988-10-04",11.5
"1988-10-05",11.1
"1988-10-06",11.35
"1988-10-07",11.4
"1988-10-10",11.95
"1988-10-11",12.35
"1988-10-12",12.35
"1988-10-13",12.6
"1988-10-14",13.1
"1988-10-17",13.55
"1988-10-18",12.95
"1988-10-19",13.35
"1988-10-20",13.65
"1988-10-21",13.4
"1988-10-24",12.25
"1988-10-25",12.1
"1988-10-26",12.2
"1988-10-27",12.3
"1988-10-28",12.7
"1988-10-31",12.5
"1988-11-01",12.45
"1988-11-02",12.55
"1988-11-03",12.8
"1988-11-04",12.95
"1988-11-07",13
"1988-11-08",12.75
"1988-11-09",12.75
"1988-11-10",13.05
"1988-11-11",13.1
"1988-11-14",13.05
"1988-11-15",12.95
"1988-11-16",12.65
"1988-11-17",12.1
"1988-11-18",12.1
"1988-11-21",12.15
"1988-11-22",13.25
"1988-11-25",14.7
"1988-11-28",14
"1988-11-29",14.15
"1988-11-30",14.25
"1988-12-01",14.9
"1988-12-02",14.75
"1988-12-05",14.65
"1988-12-06",14.4
"1988-12-07",14.65
"1988-12-08",15.05
"1988-12-09",14.9
"1988-12-12",14.85
"1988-12-13",14.85
"1988-12-14",15.05
"1988-12-15",15.15
"1988-12-16",15.15
"1988-12-19",15.35
"1988-12-20",14.9
"1988-12-21",15.25
"1988-12-23",15.3
"1988-12-27",15.3
"1988-12-28",16
"1988-12-29",15.95
"1988-12-30",15.8
"1989-01-03",16.45
"1989-01-04",16.5
"1989-01-05",16.6
"1989-01-06",17.1
"1989-01-09",17.25
"1989-01-10",17.1
"1989-01-11",17.15
"1989-01-12",16.4
"1989-01-13",16.7
"1989-01-16",16.95
"1989-01-17",17.15
"1989-01-18",17.3
"1989-01-19",17.65
"1989-01-20",17.65
"1989-01-23",17.05
"1989-01-24",16.7
"1989-01-25",17.4
"1989-01-26",17.65
"1989-01-27",17.2
"1989-01-30",16.8
"1989-01-31",16.8
"1989-02-01",16.3
"1989-02-02",16.65
"1989-02-03",16.8
"1989-02-06",16.5
"1989-02-07",16.5
"1989-02-08",16.7
"1989-02-09",16.9
"1989-02-10",16.85
"1989-02-13",15.85
"1989-02-14",16.1
"1989-02-15",16.05
"1989-02-16",16.45
"1989-02-17",16.1
"1989-02-21",16.8
"1989-02-22",16.55
"1989-02-23",16.8
"1989-02-24",16.85
"1989-02-27",17.3
"1989-02-28",17.15
"1989-03-01",17.25
"1989-03-02",17.7
"1989-03-03",18.1
"1989-03-06",18.15
"1989-03-07",18.15
"1989-03-08",17.9
"1989-03-09",18.15
"1989-03-10",18.2
"1989-03-13",18.35
"1989-03-14",18.7
"1989-03-15",18.45
"1989-03-16",18.4
"1989-03-17",18.7
"1989-03-20",18.75
"1989-03-21",19.2
"1989-03-22",19.05
"1989-03-23",19.5
"1989-03-27",19.5
"1989-03-28",19.3
"1989-03-29",19.35
"1989-03-30",19.9
"1989-03-31",20.4
"1989-04-03",19.75
"1989-04-04",19.85
"1989-04-05",19.75
"1989-04-06",19.35
"1989-04-07",19.45
"1989-04-10",19.7
"1989-04-11",19.5
"1989-04-12",18.95
"1989-04-13",19.1
"1989-04-14",19.1
"1989-04-17",19.3
"1989-04-18",19.65
"1989-04-19",21.05
"1989-04-20",21.35
"1989-04-21",20.85
"1989-04-24",20.45
"1989-04-25",20
"1989-04-26",20.2
"1989-04-27",19.8
"1989-04-28",19.45
"1989-05-01",19.45
"1989-05-02",19
"1989-05-03",18.4
"1989-05-04",19.3
"1989-05-05",19.3
"1989-05-06",19.1
"1989-05-08",18.4
"1989-05-09",18.5
"1989-05-10",18.5
"1989-05-11",18.3
"1989-05-15",18.3
"1989-05-16",18.35
"1989-05-17",18.9
"1989-05-18",18.2
"1989-05-19",18.9
"1989-05-22",17.5
"1989-05-23",17.75
"1989-05-24",18.05
"1989-05-25",18.05
"1989-05-26",17.7
"1989-05-30",17.95
"1989-05-31",18.05
"1989-06-01",18.05
"1989-06-02",17.85
"1989-06-05",18.55
"1989-06-06",18.5
"1989-06-07",17.95
"1989-06-08",17.6
"1989-06-09",17.9
"1989-06-12",17.2
"1989-06-13",16.9
"1989-06-14",16.75
"1989-06-15",16.85
"1989-06-16",16.4
"1989-06-19",16.4
"1989-06-20",16.6
"1989-06-21",16.65
"1989-06-22",17.25
"1989-06-23",17.8
"1989-06-26",17.9
"1989-06-28",18
"1989-06-29",18.05
"1989-06-30",18.2
"1989-07-03",18.4
"1989-07-05",18.65
"1989-07-06",18
"1989-07-07",17.95
"1989-07-10",17.8
"1989-07-11",17.65
"1989-07-12",17.5
"1989-07-14",17.6
"1989-07-17",17.95
"1989-07-18",18.25
"1989-07-19",18
"1989-07-20",18.05
"1989-07-21",17.95
"1989-07-24",17.5
"1989-07-25",17.45
"1989-07-26",17.05
"1989-07-27",16.9
"1989-07-28",17.2
"1989-07-31",17.15
"1989-08-01",17.05
"1989-08-02",16.45
"1989-08-03",17.1
"1989-08-04",17.25
"1989-08-07",17.1
"1989-08-08",16.25
"1989-08-09",17
"1989-08-10",17.35
"1989-08-11",17.45
"1989-08-14",17
"1989-08-15",17.15
"1989-08-16",17.2
"1989-08-17",17.1
"1989-08-18",17
"1989-08-21",17
"1989-08-22",17.15
"1989-08-23",17.15
"1989-08-24",17.15
"1989-08-25",17
"1989-08-28",17
"1989-08-29",17.1
"1989-08-30",17.1
"1989-08-31",17.4
"1989-09-01",17.3
"1989-09-05",17.5
"1989-09-06",17.9
"1989-09-07",17.85
"1989-09-08",17.85
"1989-09-11",17.85
"1989-09-12",18
"1989-09-13",18.05
"1989-09-14",17.95
"1989-09-15",17.8
"1989-09-18",18.05
"1989-09-19",17.7
"1989-09-20",17.8
"1989-09-21",17.85
"1989-09-22",17.6
"1989-09-25",17.45
"1989-09-26",17.35
"1989-09-27",17.45
"1989-09-29",18.25
"1989-10-02",18.45
"1989-10-03",18.6
"1989-10-04",18.75
"1989-10-05",18.55
"1989-10-06",18.55
"1989-10-09",18.4
"1989-10-10",18.65
"1989-10-11",18.7
"1989-10-12",18.7
"1989-10-13",19.45
"1989-10-16",19.3
"1989-10-17",19.6
"1989-10-18",19.7
"1989-10-19",19.4
"1989-10-20",19.35
"1989-10-23",18.95
"1989-10-24",18.85
"1989-10-25",19
"1989-10-26",18.65
"1989-10-27",18.85
"1989-10-30",19.4
"1989-10-31",19.9
"1989-11-01",20.15
"1989-11-02",20.3
"1989-11-03",20.05
"1989-11-06",20.2
"1989-11-07",20.3
"1989-11-08",20.25
"1989-11-09",20.35
"1989-11-10",20.1
"1989-11-13",19.85
"1989-11-14",19.75
"1989-11-15",18.65
"1989-11-16",18.7
"1989-11-17",18.85
"1989-11-20",18.9
"1989-11-21",18.9
"1989-11-22",18.7
"1989-11-24",18.6
"1989-11-27",18.5
"1989-11-28",18.4
"1989-11-29",18.2
"1989-11-30",18.55
"1989-12-01",18.6
"1989-12-04",18.6
"1989-12-05",19.2
"1989-12-06",19.3
"1989-12-07",19.4
"1989-12-08",19.2
"1989-12-11",19.55
"1989-12-12",19.3
"1989-12-13",19.75
"1989-12-14",19.6
"1989-12-15",19.6
"1989-12-18",19
"1989-12-19",20.15
"1989-12-20",20.15
"1989-12-21",20.05
"1989-12-22",20.4
"1989-12-26",20.4
"1989-12-27",20.9
"1989-12-28",20.75
"1989-12-29",21
"1990-01-02",21.25
"1990-01-03",22.45
"1990-01-04",22.75
"1990-01-05",22.75
"1990-01-08",21.5
"1990-01-09",20.2
"1990-01-10",21
"1990-01-11",21.05
"1990-01-12",21.1
"1990-01-15",20.65
"1990-01-16",20.45
"1990-01-17",20.1
"1990-01-18",20.25
"1990-01-19",20.85
"1990-01-22",20.325
"1990-01-23",20
"1990-01-24",20
"1990-01-25",20.35
"1990-01-26",20.45
"1990-01-29",20.8
"1990-01-30",20.6
"1990-01-31",20.4
"1990-02-01",20.65
"1990-02-02",20.65
"1990-02-05",20.85
"1990-02-06",20.65
"1990-02-07",20.35
"1990-02-08",20.4
"1990-02-09",20.05
"1990-02-12",19.6
"1990-02-13",19.95
"1990-02-14",19.6
"1990-02-15",19.95
"1990-02-16",19.9
"1990-02-20",19.95
"1990-02-21",19.6
"1990-02-22",19.65
"1990-02-23",19.05
"1990-02-26",19.25
"1990-02-27",19.45
"1990-02-28",19.45
"1990-03-01",19.4
"1990-03-02",19.3
"1990-03-05",19.15
"1990-03-06",19.25
"1990-03-07",19
"1990-03-08",18.75
"1990-03-09",18.9
"1990-03-12",18.4
"1990-03-13",18.6
"1990-03-14",18.45
"1990-03-15",18.55
"1990-03-16",18.45
"1990-03-19",17.9
"1990-03-20",17.85
"1990-03-21",17.85
"1990-03-22",18
"1990-03-23",18
"1990-03-26",18.35
"1990-03-27",18.55
"1990-03-28",18.15
"1990-03-29",18
"1990-03-30",18
"1990-04-02",18.25
"1990-04-03",18.25
"1990-04-04",17.95
"1990-04-05",17.7
"1990-04-06",17.25
"1990-04-09",17.05
"1990-04-10",16.5
"1990-04-11",15.45
"1990-04-12",16.45
"1990-04-16",16.45
"1990-04-17",16.2
"1990-04-18",15.53
"1990-04-19",16.5
"1990-04-20",16.5
"1990-04-23",16.5
"1990-04-24",17.3
"1990-04-25",16.8
"1990-04-26",16.75
"1990-04-27",16.55
"1990-04-30",16.65
"1990-05-01",16.5
"1990-05-02",16.75
"1990-05-03",16.1
"1990-05-04",15.7
"1990-05-07",15.7
"1990-05-08",16.25
"1990-05-09",16.55
"1990-05-10",16.6
"1990-05-11",16.65
"1990-05-14",17.85
"1990-05-15",17.75
"1990-05-16",17.7
"1990-05-17",17.4
"1990-05-18",17.4
"1990-05-21",17.15
"1990-05-22",17
"1990-05-23",16.15
"1990-05-24",16.2
"1990-05-25",16.65
"1990-05-29",16.15
"1990-05-30",16.6
"1990-05-31",16.05
"1990-06-01",15.8
"1990-06-04",15.6
"1990-06-05",15.1
"1990-06-06",15.2
"1990-06-07",15.3
"1990-06-08",15.1
"1990-06-11",15.55
"1990-06-12",15.8
"1990-06-13",15.75
"1990-06-14",16.3
"1990-06-15",15.7
"1990-06-18",15.45
"1990-06-19",15.45
"1990-06-20",15.55
"1990-06-21",15.8
"1990-06-22",15.9
"1990-06-25",16.15
"1990-06-26",16.1
"1990-06-27",15.85
"1990-06-28",15.35
"1990-06-29",16.2
"1990-07-02",16.35
"1990-07-03",16.25
"1990-07-05",15.6
"1990-07-06",15.8
"1990-07-09",15.55
"1990-07-10",16.05
"1990-07-11",16.2
"1990-07-12",16.45
"1990-07-13",17.55
"1990-07-16",17.7
"1990-07-17",17.7
"1990-07-18",17.95
"1990-07-19",18.5
"1990-07-20",18.2
"1990-07-23",18.5
"1990-07-24",19.25
"1990-07-25",19.05
"1990-07-26",18.85
"1990-07-27",19.15
"1990-07-30",19.05
"1990-07-31",19.45
"1990-08-01",20.2
"1990-08-02",22.7
"1990-08-03",23.8
"1990-08-06",25.85
"1990-08-07",25.9
"1990-08-08",25.8
"1990-08-09",24.9
"1990-08-10",25.5
"1990-08-13",25.95
"1990-08-14",26.55
"1990-08-15",26.15
"1990-08-16",26.95
"1990-08-17",28.35
"1990-08-20",29.35
"1990-08-21",28.65
"1990-08-22",29.75
"1990-08-23",32.4
"1990-08-24",31.2
"1990-08-27",27.55
"1990-08-28",27.9
"1990-08-29",26.15
"1990-08-30",27.35
"1990-08-31",28
"1990-09-04",30
"1990-09-05",30.95
"1990-09-06",32.15
"1990-09-07",31.35
"1990-09-10",30.25
"1990-09-11",30.95
"1990-09-12",30.65
"1990-09-13",31.15
"1990-09-14",32.5
"1990-09-17",34.6
"1990-09-18",35.8
"1990-09-19",34.75
"1990-09-20",35.7
"1990-09-21",37.05
"1990-09-24",40.35
"1990-09-25",40.75
"1990-09-26",39.65
"1990-09-27",40.8
"1990-09-28",40.85
"1990-10-01",38.75
"1990-10-02",36.8
"1990-10-03",35.2
"1990-10-04",38.3
"1990-10-05",38.15
"1990-10-08",39.5
"1990-10-09",41.45
"1990-10-10",41.45
"1990-10-11",41.75
"1990-10-12",39.65
"1990-10-15",38
"1990-10-16",37.8
"1990-10-17",37.9
"1990-10-18",34.05
"1990-10-19",33.5
"1990-10-22",28.15
"1990-10-23",29.3
"1990-10-24",30.75
"1990-10-25",33.3
"1990-10-26",34
"1990-10-29",34.75
"1990-10-30",35.8
"1990-10-31",34.3
"1990-11-01",35.85
"1990-11-02",35.15
"1990-11-05",33.35
"1990-11-06",33.15
"1990-11-07",34.75
"1990-11-08",35.2
"1990-11-09",35.2
"1990-11-12",31.95
"1990-11-13",33.05
"1990-11-14",32
"1990-11-15",31.9
"1990-11-16",30.1
"1990-11-19",30.1
"1990-11-20",30.15
"1990-11-21",30
"1990-11-23",32
"1990-11-26",35.3
"1990-11-27",35
"1990-11-28",34
"1990-11-29",34.7
"1990-11-30",33.85
"1990-12-03",31.3
"1990-12-04",31.45
"1990-12-05",30.65
"1990-12-06",27.7
"1990-12-07",27.7
"1990-12-10",28.85
"1990-12-11",27.95
"1990-12-12",26.45
"1990-12-13",27.15
"1990-12-14",27.95
"1990-12-17",27.25
"1990-12-18",27.1
"1990-12-19",27.8
"1990-12-20",27.5
"1990-12-21",26.9
"1990-12-24",27.75
"1990-12-26",27.75
"1990-12-27",27.4
"1990-12-28",27.2
"1990-12-31",28.45
"1991-01-02",25.7
"1991-01-03",25.2
"1991-01-04",23.85
"1991-01-07",26.35
"1991-01-08",25.95
"1991-01-09",26.7
"1991-01-10",26.5
"1991-01-11",26
"1991-01-14",22.7
"1991-01-15",29.4
"1991-01-16",30
"1991-01-17",20.8
"1991-01-18",18.05
"1991-01-21",18.15
"1991-01-22",20.75
"1991-01-23",22.05
"1991-01-24",20.8
"1991-01-25",20.85
"1991-01-28",20.45
"1991-01-29",20.7
"1991-01-30",20.85
"1991-01-31",20.95
"1991-02-01",20.95
"1991-02-04",20.25
"1991-02-05",20.25
"1991-02-06",20.7
"1991-02-07",21.1
"1991-02-08",21.35
"1991-02-11",20.4
"1991-02-12",20.4
"1991-02-13",20.3
"1991-02-14",20.45
"1991-02-15",18.05
"1991-02-19",17.45
"1991-02-20",18.25
"1991-02-21",18.25
"1991-02-22",17.4
"1991-02-25",17.6
"1991-02-26",17.85
"1991-02-27",18.4
"1991-02-28",19.2
"1991-03-01",19.15
"1991-03-04",20.45
"1991-03-05",20.45
"1991-03-06",20.5
"1991-03-07",20.45
"1991-03-08",20.3
"1991-03-11",20
"1991-03-12",19.8
"1991-03-13",19.85
"1991-03-14",19.75
"1991-03-15",19
"1991-03-18",18.45
"1991-03-19",18.85
"1991-03-20",18.9
"1991-03-21",18.75
"1991-03-22",19
"1991-03-25",18.65
"1991-03-26",18.45
"1991-03-27",18.05
"1991-03-28",17.85
"1991-04-01",17.85
"1991-04-02",17.5
"1991-04-03",17.65
"1991-04-04",18.15
"1991-04-05",18.3
"1991-04-08",18.85
"1991-04-09",18.65
"1991-04-10",18.65
"1991-04-11",19.55
"1991-04-12",19.9
"1991-04-15",20.05
"1991-04-16",19.75
"1991-04-17",19.75
"1991-04-18",19.35
"1991-04-19",19.1
"1991-04-22",19.65
"1991-04-23",19.65
"1991-04-24",19.55
"1991-04-25",19.65
"1991-04-26",19.55
"1991-04-29",19.9
"1991-04-30",19.7
"1991-05-01",19.65
"1991-05-02",19.65
"1991-05-03",19.5
"1991-05-06",19.5
"1991-05-07",19.85
"1991-05-08",19.85
"1991-05-09",20.05
"1991-05-10",19.5
"1991-05-13",19.3
"1991-05-14",18.9
"1991-05-15",18.85
"1991-05-16",18.9
"1991-05-17",18.6
"1991-05-20",18.95
"1991-05-21",19.05
"1991-05-22",18.55
"1991-05-23",18.75
"1991-05-24",18.85
"1991-05-28",18.9
"1991-05-29",18.8
"1991-05-30",18.7
"1991-05-31",18.95
"1991-06-03",19.05
"1991-06-04",18.9
"1991-06-05",18.55
"1991-06-06",17.95
"1991-06-07",18.35
"1991-06-10",18.15
"1991-06-11",17.85
"1991-06-12",17.8
"1991-06-13",17.95
"1991-06-14",17.7
"1991-06-17",17.8
"1991-06-18",17.9
"1991-06-19",18
"1991-06-20",18.05
"1991-06-21",18.35
"1991-06-24",18.2
"1991-06-25",18.15
"1991-06-26",18.15
"1991-06-27",18.2
"1991-06-28",18.2
"1991-07-01",18.5
"1991-07-02",18.6
"1991-07-03",18.5
"1991-07-05",18.7
"1991-07-08",19.05
"1991-07-09",18.95
"1991-07-10",19.3
"1991-07-11",19.25
"1991-07-12",19.7
"1991-07-15",19.75
"1991-07-16",19.85
"1991-07-17",19.9
"1991-07-18",20.4
"1991-07-19",20.2
"1991-07-22",20
"1991-07-23",19.65
"1991-07-24",19.35
"1991-07-25",19.6
"1991-07-26",19.75
"1991-07-29",19.65
"1991-07-30",19.5
"1991-07-31",19.65
"1991-08-01",19.75
"1991-08-02",19.45
"1991-08-05",19.45
"1991-08-06",19.45
"1991-08-07",19.3
"1991-08-08",19.7
"1991-08-09",19.6
"1991-08-12",19.65
"1991-08-13",19.55
"1991-08-14",19.4
"1991-08-15",19.25
"1991-08-16",19.45
"1991-08-19",20.65
"1991-08-20",20.95
"1991-08-21",19.55
"1991-08-22",19.55
"1991-08-23",19.75
"1991-08-26",19.75
"1991-08-27",20
"1991-08-28",19.9
"1991-08-29",20.3
"1991-08-30",20.5
"1991-09-03",20.6
"1991-09-04",20.3
"1991-09-05",20.15
"1991-09-06",20.1
"1991-09-09",19.85
"1991-09-10",19.95
"1991-09-11",20
"1991-09-12",20.2
"1991-09-13",20.35
"1991-09-16",20.5
"1991-09-17",20.45
"1991-09-18",20.55
"1991-09-19",20.45
"1991-09-20",20.55
"1991-09-23",20.75
"1991-09-24",20.7
"1991-09-25",20.8
"1991-09-26",21
"1991-09-27",21.3
"1991-09-30",21.45
"1991-10-01",21.25
"1991-10-02",21.3
"1991-10-03",21.75
"1991-10-04",21.75
"1991-10-07",21.95
"1991-10-08",21.95
"1991-10-09",22.4
"1991-10-10",22.2
"1991-10-11",22.05
"1991-10-14",22.6
"1991-10-15",22.7
"1991-10-16",22.9
"1991-10-17",22.75
"1991-10-18",22.9
"1991-10-21",22.9
"1991-10-22",22.75
"1991-10-23",22.4
"1991-10-24",22.15
"1991-10-25",21
"1991-10-28",21.8
"1991-10-29",21.9
"1991-10-30",24.85
"1991-10-31",22
"1991-11-01",22.5
"1991-11-04",22.7
"1991-11-05",22.35
"1991-11-06",22.3
"1991-11-07",21.9
"1991-11-08",21.9
"1991-11-11",21.45
"1991-11-12",21.3
"1991-11-13",21.4
"1991-11-14",20.9
"1991-11-15",21.75
"1991-11-18",21.4
"1991-11-19",21.1
"1991-11-20",20.45
"1991-11-21",20.8
"1991-11-22",20.15
"1991-11-25",19.65
"1991-11-26",19.8
"1991-11-27",19.65
"1991-11-29",20.1
"1991-12-02",19.85
"1991-12-03",19.35
"1991-12-04",19.2
"1991-12-05",19.05
"1991-12-06",19.05
"1991-12-09",18.1
"1991-12-10",18.1
"1991-12-11",17.95
"1991-12-12",18.6
"1991-12-13",18.9
"1991-12-16",18.05
"1991-12-17",18.25
"1991-12-18",18.1
"1991-12-19",18.2
"1991-12-20",17.6
"1991-12-23",17.6
"1991-12-24",17.9
"1991-12-26",17.9
"1991-12-27",17.75
"1991-12-30",18.15
"1991-12-31",17.75
"1992-01-02",18.45
"1992-01-03",18.5
"1992-01-06",18.55
"1992-01-07",18.7
"1992-01-08",17.3
"1992-01-09",17.05
"1992-01-10",17.2
"1992-01-13",18.05
"1992-01-14",18.2
"1992-01-15",18.55
"1992-01-16",18.8
"1992-01-17",18.75
"1992-01-20",18.5
"1992-01-21",18.05
"1992-01-22",17.1
"1992-01-23",18.1
"1992-01-24",18.3
"1992-01-27",18.55
"1992-01-28",18.55
"1992-01-29",18.45
"1992-01-30",18.25
"1992-01-31",18.2
"1992-02-03",18.4
"1992-02-04",18.4
"1992-02-05",18.45
"1992-02-06",18.6
"1992-02-07",18.5
"1992-02-10",18.9
"1992-02-11",18.75
"1992-02-12",18.35
"1992-02-13",18.65
"1992-02-14",18.65
"1992-02-18",17.5
"1992-02-19",17.65
"1992-02-20",17.95
"1992-02-21",17.9
"1992-02-24",17.75
"1992-02-25",17.4
"1992-02-26",17.4
"1992-02-27",17.55
"1992-02-28",17.45
"1992-03-02",17.45
"1992-03-03",17.2
"1992-03-04",17.3
"1992-03-05",17.45
"1992-03-06",17.25
"1992-03-09",17.35
"1992-03-10",17.4
"1992-03-11",17.3
"1992-03-12",17.35
"1992-03-13",17.8
"1992-03-16",17.75
"1992-03-17",17.85
"1992-03-18",17.65
"1992-03-19",17.6
"1992-03-20",17.85
"1992-03-23",17.55
"1992-03-24",17.6
"1992-03-25",17.65
"1992-03-26",17.95
"1992-03-27",17.8
"1992-03-30",18
"1992-03-31",18.1
"1992-04-01",18.45
"1992-04-02",18.45
"1992-04-03",18.6
"1992-04-06",19
"1992-04-07",18.95
"1992-04-08",19.2
"1992-04-09",19.05
"1992-04-10",19.05
"1992-04-13",19.25
"1992-04-14",19
"1992-04-15",18.8
"1992-04-16",18.85
"1992-04-20",18.85
"1992-04-21",19.05
"1992-04-22",18.75
"1992-04-23",18.7
"1992-04-24",18.9
"1992-04-27",18.95
"1992-04-28",19.15
"1992-04-29",19.1
"1992-04-30",19.6
"1992-05-01",19.75
"1992-05-04",19.75
"1992-05-05",19.85
"1992-05-06",19.85
"1992-05-07",19.65
"1992-05-08",19.65
"1992-05-11",19.8
"1992-05-12",19.8
"1992-05-13",20.1
"1992-05-14",19.85
"1992-05-15",19.65
"1992-05-18",19.7
"1992-05-19",19.35
"1992-05-20",19.2
"1992-05-21",19.6
"1992-05-22",19.55
"1992-05-26",20.6
"1992-05-27",20.75
"1992-05-28",20.65
"1992-05-29",20.8
"1992-06-01",20.9
"1992-06-02",20.85
"1992-06-03",21.2
"1992-06-04",21.25
"1992-06-05",21.3
"1992-06-08",21.25
"1992-06-09",21.1
"1992-06-10",21
"1992-06-11",21.2
"1992-06-12",21.2
"1992-06-15",21.3
"1992-06-16",21.35
"1992-06-17",21.1
"1992-06-18",21.15
"1992-06-19",21.15
"1992-06-22",20.85
"1992-06-23",21.35
"1992-06-24",21.45
"1992-06-25",21.5
"1992-06-26",21.35
"1992-06-29",21.15
"1992-06-30",20.65
"1992-07-01",20.3
"1992-07-06",20.4
"1992-07-07",19.9
"1992-07-08",19.95
"1992-07-09",19.95
"1992-07-10",20
"1992-07-13",19.75
"1992-07-14",19.9
"1992-07-15",19.85
"1992-07-16",20.2
"1992-07-17",20.25
"1992-07-20",19.9
"1992-07-21",20.05
"1992-07-22",20.25
"1992-07-23",20.45
"1992-07-24",20.7
"1992-07-27",20.55
"1992-07-28",20.75
"1992-07-29",20.65
"1992-07-30",20.5
"1992-07-31",20.3
"1992-08-03",20.35
"1992-08-04",20
"1992-08-05",19.75
"1992-08-06",19.9
"1992-08-07",19.7
"1992-08-10",19.45
"1992-08-11",19.4
"1992-08-12",19.6
"1992-08-13",19.8
"1992-08-14",20
"1992-08-17",20.05
"1992-08-18",19.95
"1992-08-19",19.75
"1992-08-20",19.6
"1992-08-21",19.7
"1992-08-24",19.7
"1992-08-25",19.8
"1992-08-26",19.6
"1992-08-27",19.6
"1992-08-28",19.65
"1992-08-31",19.65
"1992-09-01",19.85
"1992-09-02",20
"1992-09-03",19.95
"1992-09-04",20
"1992-09-08",20.25
"1992-09-09",20.25
"1992-09-10",20.3
"1992-09-11",18.8
"1992-09-14",20.6
"1992-09-15",20.55
"1992-09-16",20.35
"1992-09-17",20.3
"1992-09-18",20.3
"1992-09-21",20.15
"1992-09-22",20.3
"1992-09-23",20.35
"1992-09-24",20.4
"1992-09-25",20.3
"1992-09-28",20.25
"1992-09-29",20.15
"1992-09-30",20.2
"1992-10-01",20.3
"1992-10-02",20.35
"1992-10-05",20.25
"1992-10-06",20.2
"1992-10-07",20.3
"1992-10-08",20.4
"1992-10-09",20.75
"1992-10-12",20.8
"1992-10-13",20.8
"1992-10-14",20.6
"1992-10-15",20.75
"1992-10-16",20.8
"1992-10-19",20.8
"1992-10-20",20.7
"1992-10-21",20.5
"1992-10-22",20.1
"1992-10-23",20.1
"1992-10-26",19.8
"1992-10-27",19.85
"1992-10-28",19.65
"1992-10-29",19.35
"1992-10-30",19.25
"1992-11-02",19.25
"1992-11-03",19.4
"1992-11-04",18.95
"1992-11-05",19.15
"1992-11-06",19.1
"1992-11-09",19.1
"1992-11-11",19.4
"1992-11-12",19.2
"1992-11-13",19
"1992-11-16",19.15
"1992-11-17",19.2
"1992-11-18",19.1
"1992-11-19",19.4
"1992-11-20",19.45
"1992-11-23",19.2
"1992-11-24",19.1
"1992-11-25",19.3
"1992-11-27",19.05
"1992-11-30",19.2
"1992-12-01",18.7
"1992-12-02",18.4
"1992-12-03",18.25
"1992-12-04",18.3
"1992-12-07",18.2
"1992-12-08",18.2
"1992-12-09",17.8
"1992-12-10",19.35
"1992-12-11",17.26
"1992-12-14",18.15
"1992-12-15",17.85
"1992-12-16",17.9
"1992-12-17",18.1
"1992-12-18",18.4
"1992-12-21",18.35
"1992-12-22",18.05
"1992-12-23",18.2
"1992-12-24",18.3
"1992-12-28",18.3
"1992-12-29",18
"1992-12-30",17.85
"1992-12-31",17.9
"1993-01-04",17.8
"1993-01-05",17.5
"1993-01-06",17.6
"1993-01-07",17.45
"1993-01-08",17.35
"1993-01-11",17.25
"1993-01-12",16.9
"1993-01-13",16.95
"1993-01-14",16.95
"1993-01-15",17.2
"1993-01-18",17.25
"1993-01-19",16.9
"1993-01-20",19.75
"1993-01-21",16.85
"1993-01-22",17.05
"1993-01-25",17.55
"1993-01-26",17.8
"1993-01-27",17.8
"1993-01-28",18.5
"1993-01-29",18.55
"1993-02-01",18.55
"1993-02-02",18.4
"1993-02-03",18.35
"1993-02-04",18.65
"1993-02-05",18.55
"1993-02-08",18.55
"1993-02-09",18.35
"1993-02-10",18.6
"1993-02-11",18.4
"1993-02-12",18.45
"1993-02-16",18.15
"1993-02-17",18.1
"1993-02-18",17.8
"1993-02-19",18.2
"1993-02-22",18.6
"1993-02-23",18.95
"1993-02-24",18.95
"1993-02-25",19.1
"1993-02-26",18.9
"1993-03-01",18.95
"1993-03-02",18.85
"1993-03-03",19
"1993-03-04",19.35
"1993-03-05",19.5
"1993-03-08",19.25
"1993-03-09",19.25
"1993-03-10",19.2
"1993-03-11",18.7
"1993-03-12",18.75
"1993-03-15",18.95
"1993-03-16",18.55
"1993-03-17",18.55
"1993-03-18",18.55
"1993-03-19",18.7
"1993-03-22",18.3
"1993-03-24",18.45
"1993-03-25",18.45
"1993-03-26",18.5
"1993-03-29",18.65
"1993-03-30",18.45
"1993-03-31",18.6
"1993-04-01",18.85
"1993-04-02",18.85
"1993-04-05",18.85
"1993-04-06",18.7
"1993-04-07",18.65
"1993-04-08",18.6
"1993-04-12",18.6
"1993-04-13",18.75
"1993-04-14",18.65
"1993-04-15",18.7
"1993-04-16",18.5
"1993-04-19",18.4
"1993-04-20",18.5
"1993-04-21",18.65
"1993-04-22",18.5
"1993-04-23",18.55
"1993-04-26",18.6
"1993-04-27",18.5
"1993-04-28",18.5
"1993-04-29",18.65
"1993-04-30",18.8
"1993-05-03",18.8
"1993-05-04",18.9
"1993-05-05",18.9
"1993-05-06",19.1
"1993-05-07",19
"1993-05-11",18.85
"1993-05-13",18.75
"1993-05-14",18.4
"1993-05-17",18.25
"1993-05-18",18.1
"1993-05-19",18.05
"1993-05-20",18
"1993-05-21",18.05
"1993-05-24",18.1
"1993-05-25",18.1
"1993-05-27",16.35
"1993-05-28",18.35
"1993-06-01",18.4
"1993-06-02",18.5
"1993-06-03",18.25
"1993-06-04",18.2
"1993-06-07",18.05
"1993-06-08",18.2
"1993-06-09",18.15
"1993-06-10",18.2
"1993-06-11",17.55
"1993-06-14",17.6
"1993-06-15",17.3
"1993-06-16",17.35
"1993-06-17",17.45
"1993-06-18",17.2
"1993-06-21",17.35
"1993-06-22",17.2
"1993-06-23",17.15
"1993-06-24",17.35
"1993-06-25",17.25
"1993-06-28",17.2
"1993-06-29",17.3
"1993-06-30",17.5
"1993-07-02",16.85
"1993-07-06",17.5
"1993-07-07",16.9
"1993-07-09",16.5
"1993-07-12",16.8
"1993-07-13",17.05
"1993-07-14",16.55
"1993-07-15",16.5
"1993-07-16",16.5
"1993-07-17",16.4
"1993-07-20",16.6
"1993-07-21",16.95
"1993-07-22",16.7
"1993-07-23",16.8
"1993-07-26",16.9
"1993-07-27",17.35
"1993-07-28",17.25
"1993-07-29",17
"1993-07-30",16.7
"1993-08-02",16.55
"1993-08-03",16.45
"1993-08-04",16.65
"1993-08-05",16.55
"1993-08-06",16.3
"1993-08-09",16.5
"1993-08-10",16.45
"1993-08-11",16.6
"1993-08-12",16.75
"1993-08-13",16.9
"1993-08-16",16.75
"1993-08-17",16.85
"1993-08-18",16.6
"1993-08-19",16.7
"1993-08-20",16.65
"1993-08-23",16.85
"1993-08-24",16.85
"1993-08-25",16.7
"1993-08-26",16.7
"1993-08-27",17.15
"1993-08-30",17.15
"1993-08-31",16.7
"1993-09-01",16.55
"1993-09-02",16.5
"1993-09-03",16.3
"1993-09-07",15.6
"1993-09-08",14
"1993-09-09",15.75
"1993-09-10",15.4
"1993-09-13",15.5
"1993-09-14",15.35
"1993-09-15",15.35
"1993-09-16",15.4
"1993-09-17",15.55
"1993-09-20",16.05
"1993-09-21",16.35
"1993-09-22",16
"1993-09-23",15.65
"1993-09-24",16
"1993-09-27",16.1
"1993-09-28",16.4
"1993-09-29",16.95
"1993-09-30",17.25
"1993-10-01",17.15
"1993-10-04",16.8
"1993-10-05",16.8
"1993-10-06",16.85
"1993-10-07",16.9
"1993-10-08",16.9
"1993-10-11",17.1
"1993-10-12",17.1
"1993-10-13",17
"1993-10-14",16.8
"1993-10-15",16.7
"1993-10-18",16.7
"1993-10-19",16.6
"1993-10-20",16.7
"1993-10-21",16.8
"1993-10-22",16.5
"1993-10-25",15.95
"1993-10-26",15.9
"1993-10-27",15.95
"1993-10-28",15.95
"1993-10-29",15.55
"1993-11-01",15.75
"1993-11-02",15.65
"1993-11-03",15.9
"1993-11-04",15.8
"1993-11-05",15.7
"1993-11-08",15.4
"1993-11-09",15.2
"1993-11-10",15.2
"1993-11-11",15.4
"1993-11-12",14.95
"1993-11-15",15.15
"1993-11-16",15.15
"1993-11-17",15.65
"1993-11-18",15.35
"1993-11-19",15.3
"1993-11-22",15.5
"1993-11-23",15.4
"1993-11-26",14.3
"1993-11-29",14.15
"1993-11-30",14.2
"1993-12-01",14.35
"1993-12-02",14.3
"1993-12-03",13.9
"1993-12-06",13.65
"1993-12-07",13.9
"1993-12-08",13.55
"1993-12-09",13.7
"1993-12-10",13.8
"1993-12-13",13.9
"1993-12-14",13.7
"1993-12-15",13.65
"1993-12-16",13.7
"1993-12-17",13.7
"1993-12-20",13.55
"1993-12-21",13.5
"1993-12-22",13.75
"1993-12-23",13.5
"1993-12-27",13.5
"1993-12-28",13.5
"1993-12-29",13.15
"1993-12-30",13.15
"1994-01-03",13.15
"1994-01-04",13.5
"1994-01-05",14.35
"1994-01-06",14.75
"1994-01-07",14.65
"1994-01-10",14.05
"1994-01-11",14.05
"1994-01-12",13.95
"1994-01-13",13.7
"1994-01-14",14.1
"1994-01-17",14.25
"1994-01-18",14
"1994-01-19",14.1
"1994-01-20",14.25
"1994-01-21",14.25
"1994-01-24",14.3
"1994-01-25",14.5
"1994-01-26",14.7
"1994-01-27",14.8
"1994-01-28",14.7
"1994-01-31",14.8
"1994-02-01",14.9
"1994-02-02",15.3
"1994-02-03",15.5
"1994-02-04",14.9
"1994-02-07",14.35
"1994-02-08",14.35
"1994-02-09",13.65
"1994-02-10",13.55
"1994-02-11",13.8
"1994-02-14",13.45
"1994-02-15",13.25
"1994-02-16",13.25
"1994-02-17",12.9
"1994-02-18",13.05
"1994-02-22",13.3
"1994-02-23",13.15
"1994-02-24",13.45
"1994-02-25",13.3
"1994-02-28",13.6
"1994-03-01",13.45
"1994-03-02",13.45
"1994-03-03",13.5
"1994-03-04",13.45
"1994-03-07",13.1
"1994-03-08",13.05
"1994-03-09",13.3
"1994-03-10",13.35
"1994-03-11",13.75
"1994-03-14",13.85
"1994-03-15",14.3
"1994-03-16",14.3
"1994-03-17",13.95
"1994-03-18",14.05
"1994-03-21",14.5
"1994-03-22",14.75
"1994-03-23",14.85
"1994-03-24",14.5
"1994-03-25",14.65
"1994-03-28",13.8
"1994-03-29",13.5
"1994-03-30",13.1
"1994-04-04",13.1
"1994-04-05",13.65
"1994-04-07",14.4
"1994-04-08",14.35
"1994-04-11",14.6
"1994-04-12",14.75
"1994-04-13",14.9
"1994-04-14",15.2
"1994-04-15",15.15
"1994-04-18",15.35
"1994-04-19",15.2
"1994-04-20",15.15
"1994-04-21",15.5
"1994-04-22",16
"1994-04-25",16.3
"1994-04-26",16.25
"1994-04-27",15.7
"1994-04-28",15.55
"1994-04-29",15.4
"1994-05-02",15.4
"1994-05-03",16.05
"1994-05-04",16
"1994-05-05",15.8
"1994-05-06",16.4
"1994-05-09",16.4
"1994-05-10",16.3
"1994-05-11",16.15
"1994-05-12",16.15
"1994-05-13",16.55
"1994-05-16",16.2
"1994-05-17",15.85
"1994-05-18",15.75
"1994-05-19",16.14
"1994-05-20",16.25
"1994-05-23",16.7
"1994-05-24",16.5
"1994-05-25",16.35
"1994-05-26",16.3
"1994-05-27",16.2
"1994-05-31",16.15
"1994-06-01",16.3
"1994-06-02",16.45
"1994-06-03",16.05
"1994-06-06",16.15
"1994-06-07",15.9
"1994-06-08",15.7
"1994-06-10",16.4
"1994-06-13",16.25
"1994-06-14",16.4
"1994-06-15",15.6
"1994-06-16",16.9
"1994-06-17",17
"1994-06-18",17.35
"1994-06-21",17.6
"1994-06-22",17.5
"1994-06-23",17.25
"1994-06-24",17.35
"1994-06-27",17.45
"1994-06-28",17
"1994-06-29",17.3
"1994-06-30",17.4
"1994-07-01",17.65
"1994-07-05",17.15
"1994-07-06",16.9
"1994-07-07",16.85
"1994-07-08",17.15
"1994-07-11",18.45
"1994-07-12",18.35
"1994-07-13",18.35
"1994-07-14",18.5
"1994-07-15",18.05
"1994-07-18",17.6
"1994-07-19",17.2
"1994-07-20",17.35
"1994-07-21",17.4
"1994-07-22",17.65
"1994-07-25",17.4
"1994-07-26",17.2
"1994-07-27",17.75
"1994-07-28",18
"1994-07-29",18.4
"1994-08-01",19.15
"1994-08-02",18.4
"1994-08-03",18.6
"1994-08-04",18.45
"1994-08-05",18.15
"1994-08-08",17.85
"1994-08-09",17.75
"1994-08-10",17.45
"1994-08-11",17.5
"1994-08-12",17.1
"1994-08-15",16.8
"1994-08-16",16.8
"1994-08-17",16.4
"1994-08-18",16.6
"1994-08-19",16.05
"1994-08-22",15.35
"1994-08-23",14.5
"1994-08-24",15.65
"1994-08-25",15.7
"1994-08-26",15.8
"1994-08-29",15.8
"1994-08-30",15.85
"1994-08-31",16.05
"1994-09-01",16.05
"1994-09-02",15.75
"1994-09-06",15.85
"1994-09-07",16.05
"1994-09-08",16.05
"1994-09-09",16.2
"1994-09-12",15.85
"1994-09-13",15.6
"1994-09-14",15.65
"1994-09-15",15.35
"1994-09-16",15.35
"1994-09-19",15.4
"1994-09-20",15.75
"1994-09-21",15.65
"1994-09-22",15.85
"1994-09-23",16.15
"1994-09-26",16.35
"1994-09-27",16.1
"1994-09-28",16.15
"1994-09-29",16.5
"1994-09-30",16.8
"1994-10-03",16.9
"1994-10-04",16.85
"1994-10-05",16.45
"1994-10-06",16.6
"1994-10-07",17.05
"1994-10-10",16.7
"1994-10-11",16.45
"1994-10-12",15.75
"1994-10-13",15.15
"1994-10-14",15.55
"1994-10-17",15.8
"1994-10-18",16.2
"1994-10-19",16.25
"1994-10-20",16.25
"1994-10-21",16.4
"1994-10-24",16.5
"1994-10-25",16.5
"1994-10-26",16.9
"1994-10-27",17.05
"1994-10-28",17.1
"1994-10-31",17.15
"1994-11-01",17.45
"1994-11-02",17.6
"1994-11-03",17.8
"1994-11-04",18
"1994-11-07",17.7
"1994-11-08",17.35
"1994-11-09",17.5
"1994-11-10",17.25
"1994-11-11",17.55
"1994-11-14",17.45
"1994-11-15",16.45
"1994-11-16",16.8
"1994-11-17",16.4
"1994-11-18",16.4
"1994-11-21",17.3
"1994-11-22",17.15
"1994-11-23",17.25
"1994-11-25",17.1
"1994-11-28",17
"1994-11-29",16.95
"1994-11-30",16.9
"1994-12-01",17.05
"1994-12-02",16.25
"1994-12-05",15.9
"1994-12-06",16.05
"1994-12-07",15.85
"1994-12-08",16.15
"1994-12-09",16.25
"1994-12-12",15.95
"1994-12-13",15.65
"1994-12-14",15.9
"1994-12-15",15.55
"1994-12-16",15.5
"1994-12-19",15.55
"1994-12-20",15.75
"1994-12-21",15.6
"1994-12-22",15.6
"1994-12-23",15.6
"1994-12-27",15.6
"1994-12-28",16.1
"1994-12-29",16.2
"1994-12-30",16.2
"1995-01-03",15.95
"1995-01-04",15.9
"1995-01-05",16
"1995-01-06",16.35
"1995-01-09",16.15
"1995-01-10",16
"1995-01-11",16.5
"1995-01-12",16.3
"1995-01-13",16.5
"1995-01-16",16.2
"1995-01-17",16.8
"1995-01-18",17.1
"1995-01-20",17.08
"1995-01-23",17.2
"1995-01-24",18
"1995-01-25",17.28
"1995-01-26",16.78
"1995-01-27",16.55
"1995-01-30",16.43
"1995-01-31",16.78
"1995-02-01",17.06
"1995-02-02",16.9
"1995-02-03",17.05
"1995-02-06",17.34
"1995-02-07",17.07
"1995-02-08",16.91
"1995-02-09",16.76
"1995-02-10",16.98
"1995-02-13",16.85
"1995-02-14",17
"1995-02-15",17.1
"1995-02-16",17.2
"1995-02-17",17.12
"1995-02-21",17.2
"1995-02-22",17.05
"1995-02-23",17.11
"1995-02-24",17.08
"1995-02-27",17.38
"1995-02-28",17.2
"1995-03-01",16.92
"1995-03-02",16.62
"1995-03-03",16.75
"1995-03-06",16.78
"1995-03-07",16.73
"1995-03-08",16.93
"1995-03-09",16.8
"1995-03-10",16.55
"1995-03-13",16.45
"1995-03-14",16.27
"1995-03-15",16.24
"1995-03-16",16.55
"1995-03-17",16.64
"1995-03-20",16.78
"1995-03-21",16.89
"1995-03-22",17.21
"1995-03-23",17.53
"1995-03-24",17.53
"1995-03-27",17.88
"1995-03-28",17.88
"1995-03-29",17.74
"1995-03-30",18.06
"1995-03-31",17.96
"1995-04-03",17.79
"1995-04-04",17.99
"1995-04-05",18.32
"1995-04-06",18.74
"1995-04-07",18.7
"1995-04-10",18.11
"1995-04-11",18.63
"1995-04-12",18.97
"1995-04-13",18.63
"1995-04-17",18.63
"1995-04-18",18.03
"1995-04-19",18.43
"1995-04-20",18.73
"1995-04-21",19.27
"1995-04-24",19.14
"1995-04-25",19.2
"1995-04-26",19.27
"1995-04-27",18.89
"1995-04-28",17.19
"1995-05-01",19
"1995-05-02",19.35
"1995-05-03",18.88
"1995-05-04",18.87
"1995-05-05",18.67
"1995-05-08",18.67
"1995-05-09",18.59
"1995-05-10",18.59
"1995-05-11",18.33
"1995-05-12",18.05
"1995-05-15",18.55
"1995-05-16",18.76
"1995-05-17",18.61
"1995-05-18",18.3
"1995-05-19",18.45
"1995-05-22",18.56
"1995-05-23",18.48
"1995-05-24",18.43
"1995-05-25",18.12
"1995-05-26",17.94
"1995-05-30",17.52
"1995-05-31",17.39
"1995-06-01",17.66
"1995-06-02",17.85
"1995-06-05",18.19
"1995-06-06",18.15
"1995-06-07",18.17
"1995-06-08",17.84
"1995-06-09",17.73
"1995-06-12",17.64
"1995-06-13",17.79
"1995-06-14",17.69
"1995-06-15",17.48
"1995-06-16",17.72
"1995-06-19",17.48
"1995-06-20",17.03
"1995-06-21",16.69
"1995-06-22",16.56
"1995-06-23",16.66
"1995-06-26",16.48
"1995-06-27",16.91
"1995-06-28",17
"1995-06-29",17
"1995-06-30",16.52
"1995-07-03",16.3
"1995-07-05",16.1
"1995-07-06",16.36
"1995-07-07",16.26
"1995-07-10",15.61
"1995-07-11",15.95
"1995-07-12",16.08
"1995-07-13",16.05
"1995-07-14",15.89
"1995-07-17",15.52
"1995-07-18",15.76
"1995-07-19",15.78
"1995-07-20",15.62
"1995-07-21",15.32
"1995-07-24",15.35
"1995-07-25",15.63
"1995-07-26",15.88
"1995-07-27",16.05
"1995-07-28",15.92
"1995-07-31",15.8
"1995-08-01",16.15
"1995-08-02",16.06
"1995-08-03",16.16
"1995-08-04",15.96
"1995-08-07",15.95
"1995-08-08",15.95
"1995-08-09",16.15
"1995-08-10",16.05
"1995-08-11",16.16
"1995-08-14",15.97
"1995-08-15",15.73
"1995-08-16",15.68
"1995-08-17",15.86
"1995-08-18",15.9
"1995-08-21",16.23
"1995-08-22",16.21
"1995-08-23",16.38
"1995-08-24",16.27
"1995-08-25",16.1
"1995-08-28",16.1
"1995-08-29",16.1
"1995-08-30",16.1
"1995-08-31",16.11
"1995-09-01",16.18
"1995-09-05",16.64
"1995-09-06",16.71
"1995-09-07",16.63
"1995-09-08",16.76
"1995-09-11",16.71
"1995-09-12",16.85
"1995-09-13",17.9
"1995-09-14",16.88
"1995-09-15",17.01
"1995-09-18",17.17
"1995-09-19",17.2
"1995-09-20",16.97
"1995-09-21",16.53
"1995-09-22",16.46
"1995-09-25",16.23
"1995-09-26",16.17
"1995-09-27",16.27
"1995-09-28",16.5
"1995-09-29",16.47
"1995-10-02",16.59
"1995-10-03",16.52
"1995-10-04",16.49
"1995-10-05",15.77
"1995-10-06",15.84
"1995-10-09",15.98
"1995-10-10",15.84
"1995-10-11",15.99
"1995-10-12",15.9
"1995-10-13",15.86
"1995-10-16",16.21
"1995-10-17",16.04
"1995-10-19",15.96
"1995-10-20",15.82
"1995-10-23",15.7
"1995-10-24",15.7
"1995-10-25",15.85
"1995-10-26",15.85
"1995-10-27",16.2
"1995-10-30",16.17
"1995-10-31",16.44
"1995-11-01",16.54
"1995-11-02",16.5
"1995-11-03",16.79
"1995-11-06",16.82
"1995-11-07",16.79
"1995-11-08",16.82
"1995-11-09",16.73
"1995-11-10",16.87
"1995-11-13",16.76
"1995-11-14",16.64
"1995-11-15",16.51
"1995-11-16",16.67
"1995-11-17",16.88
"1995-11-20",17.12
"1995-11-21",16.77
"1995-11-22",16.52
"1995-11-24",16.85
"1995-11-27",17.02
"1995-11-29",17.21
"1995-11-30",17.28
"1995-12-01",17.11
"1995-12-04",17.17
"1995-12-05",17.3
"1995-12-06",17.52
"1995-12-07",17.55
"1995-12-08",17.62
"1995-12-11",17.56
"1995-12-12",17.81
"1995-12-13",17.43
"1995-12-14",16.51
"1995-12-15",17.94
"1995-12-18",18
"1995-12-19",17.99
"1995-12-20",17.89
"1995-12-21",17.88
"1995-12-22",18.3
"1995-12-26",18.22
"1995-12-27",18.22
"1995-12-28",18.67
"1995-12-29",18.83
"1996-01-02",18.7
"1996-01-03",18.79
"1996-01-04",19.16
"1996-01-05",18.98
"1996-01-08",19.37
"1996-01-09",19.66
"1996-01-10",19.24
"1996-01-11",18.59
"1996-01-12",18.28
"1996-01-15",17.56
"1996-01-16",17.49
"1996-01-17",17.71
"1996-01-18",17.34
"1996-01-22",17.85
"1996-01-23",17.41
"1996-01-24",17.36
"1996-01-25",17.42
"1996-01-29",16.54
"1996-01-30",16.31
"1996-01-31",16.49
"1996-02-01",16.51
"1996-02-02",16.96
"1996-02-05",16.89
"1996-02-06",16.89
"1996-02-07",16.86
"1996-02-08",16.88
"1996-02-09",16.92
"1996-02-12",17.05
"1996-02-13",17.05
"1996-02-14",17.62
"1996-02-15",18.05
"1996-02-16",17.98
"1996-02-20",17.99
"1996-02-21",18.37
"1996-02-22",18.99
"1996-02-23",19.25
"1996-02-26",19.3
"1996-02-27",18.73
"1996-02-28",18.84
"1996-02-29",18.66
"1996-03-01",18.65
"1996-03-04",18.48
"1996-03-05",18.28
"1996-03-06",18.56
"1996-03-07",18.96
"1996-03-08",19.26
"1996-03-11",18.9
"1996-03-12",19.13
"1996-03-13",19.21
"1996-03-14",19.54
"1996-03-15",19.48
"1996-03-18",19.39
"1996-03-19",20.49
"1996-03-20",20.26
"1996-03-21",20.83
"1996-03-22",20.18
"1996-03-25",21.39
"1996-03-26",21.11
"1996-03-27",21.86
"1996-03-28",21.3
"1996-03-29",20.3
"1996-04-01",20.39
"1996-04-02",20.68
"1996-04-03",21.03
"1996-04-04",20.78
"1996-04-05",20.64
"1996-04-09",20.64
"1996-04-10",21.31
"1996-04-11",22.14
"1996-04-12",23.22
"1996-04-15",23.05
"1996-04-16",22.57
"1996-04-17",21.81
"1996-04-18",19.91
"1996-04-19",19.59
"1996-04-22",19.18
"1996-04-23",19.63
"1996-04-24",20.52
"1996-04-25",21
"1996-04-26",20.46
"1996-04-29",20.28
"1996-04-30",20.1
"1996-05-01",19.56
"1996-05-02",18.89
"1996-05-03",19.45
"1996-05-06",19.2
"1996-05-07",19.2
"1996-05-08",19.75
"1996-05-09",19.91
"1996-05-10",19.29
"1996-05-13",19.15
"1996-05-14",19.48
"1996-05-15",19.42
"1996-05-16",19.38
"1996-05-17",18.75
"1996-05-20",18.38
"1996-05-21",18.95
"1996-05-22",18.48
"1996-05-23",19.67
"1996-05-28",19.54
"1996-05-29",19.66
"1996-05-30",18.97
"1996-06-03",18.09
"1996-06-04",18.28
"1996-06-05",18.57
"1996-06-06",18.38
"1996-06-07",18.05
"1996-06-10",18.28
"1996-06-11",18.28
"1996-06-12",18.22
"1996-06-13",18.25
"1996-06-14",18.1
"1996-06-17",17.74
"1996-06-18",18.6
"1996-06-19",18.71
"1996-06-21",18.33
"1996-06-24",18.39
"1996-06-25",18.34
"1996-06-26",18.3
"1996-06-27",18.47
"1996-06-28",19.32
"1996-07-01",19.06
"1996-07-02",19.48
"1996-07-03",19.48
"1996-07-05",19.4
"1996-07-08",19.9
"1996-07-09",19.9
"1996-07-10",19.54
"1996-07-11",19.8
"1996-07-12",19.8
"1996-07-15",19.8
"1996-07-16",19.8
"1996-07-17",20.36
"1996-07-19",19.83
"1996-07-22",19.81
"1996-07-23",19.2
"1996-07-24",19.54
"1996-07-25",19.49
"1996-07-26",19.45
"1996-07-29",18.86
"1996-07-30",18.96
"1996-07-31",18.9
"1996-08-01",19.11
"1996-08-02",18.78
"1996-08-05",19.37
"1996-08-06",19.78
"1996-08-07",19.57
"1996-08-08",19.75
"1996-08-09",19.9
"1996-08-12",20.04
"1996-08-13",20.31
"1996-08-14",20.83
"1996-08-15",20.97
"1996-08-16",20.79
"1996-08-19",20.72
"1996-08-20",21.37
"1996-08-21",21.37
"1996-08-22",20.83
"1996-08-23",20.83
"1996-08-26",21.05
"1996-08-27",21.05
"1996-08-28",20.45
"1996-08-29",20.61
"1996-08-30",21.02
"1996-09-03",20.88
"1996-09-04",22.13
"1996-09-05",22.22
"1996-09-06",21.95
"1996-09-09",22.27
"1996-09-10",22.32
"1996-09-11",22.74
"1996-09-12",22.74
"1996-09-13",23.35
"1996-09-16",23.21
"1996-09-17",22.07
"1996-09-19",22.32
"1996-09-20",22.16
"1996-09-23",21.87
"1996-09-24",21.83
"1996-09-25",22.45
"1996-09-26",22.82
"1996-09-27",23.3
"1996-09-30",22.85
"1996-10-01",23.33
"1996-10-02",22.93
"1996-10-03",23.31
"1996-10-04",23.35
"1996-10-07",23.62
"1996-10-08",24.05
"1996-10-09",24.35
"1996-10-10",24.69
"1996-10-11",24.69
"1996-10-14",23.66
"1996-10-15",24.79
"1996-10-16",24.62
"1996-10-17",24.37
"1996-10-18",24.49
"1996-10-21",24.74
"1996-10-22",25.12
"1996-10-23",24.76
"1996-10-24",24.64
"1996-10-25",24.35
"1996-10-28",24.36
"1996-10-29",24.21
"1996-10-30",23.66
"1996-10-31",23.04
"1996-11-01",23.41
"1996-11-04",22.18
"1996-11-05",22.04
"1996-11-06",21.89
"1996-11-07",22.01
"1996-11-08",21.85
"1996-11-11",21.82
"1996-11-12",22.59
"1996-11-13",22.4
"1996-11-14",22.76
"1996-11-15",23.06
"1996-11-18",23.29
"1996-11-19",22.84
"1996-11-20",23.04
"1996-11-21",23.51
"1996-11-22",22.54
"1996-11-25",23.65
"1996-11-26",23.01
"1996-11-27",22.89
"1996-11-28",22.89
"1996-11-29",23.1
"1996-12-02",23
"1996-12-03",23.03
"1996-12-04",23.88
"1996-12-05",23.88
"1996-12-06",24.5
"1996-12-09",24.35
"1996-12-10",24.36
"1996-12-11",23.85
"1996-12-12",22.68
"1996-12-13",22.53
"1996-12-16",22.92
"1996-12-17",24
"1996-12-18",24.1
"1996-12-19",23.65
"1996-12-20",24.11
"1996-12-23",24.11
"1996-12-24",23.55
"1996-12-26",23.65
"1996-12-27",23.65
"1996-12-30",23.66
"1996-12-31",23.66
"1997-01-01",23.66
"1997-01-02",23.95
"1997-01-03",24.4
"1997-01-06",24.05
"1997-01-07",24.57
"1997-01-08",24.71
"1997-01-09",24.61
"1997-01-10",24.85
"1997-01-13",24.43
"1997-01-14",24.29
"1997-01-15",23.2
"1997-01-16",23.37
"1997-01-17",23.33
"1997-01-20",23.33
"1997-01-21",22.99
"1997-01-22",22.74
"1997-01-23",23
"1997-01-24",23.22
"1997-01-27",22.81
"1997-01-28",22.43
"1997-01-29",22.55
"1997-01-30",22.75
"1997-01-31",23.32
"1997-02-03",23.37
"1997-02-04",22.82
"1997-02-05",22.98
"1997-02-06",22.88
"1997-02-07",22.14
"1997-02-10",21.86
"1997-02-11",20.75
"1997-02-12",21.24
"1997-02-13",20.95
"1997-02-14",20.55
"1997-02-17",20.55
"1997-02-18",20.7
"1997-02-19",20.33
"1997-02-20",20.72
"1997-02-21",20.86
"1997-02-24",20.19
"1997-02-25",20.14
"1997-02-26",19.7
"1997-02-27",20.29
"1997-02-28",20.02
"1997-03-03",19.34
"1997-03-04",19
"1997-03-05",19.25
"1997-03-06",19.42
"1997-03-07",19.07
"1997-03-10",19.68
"1997-03-11",19.6
"1997-03-12",18.77
"1997-03-13",18.91
"1997-03-14",19.4
"1997-03-17",19.5
"1997-03-18",19.1
"1997-03-19",19.07
"1997-03-20",19.61
"1997-03-21",19.41
"1997-03-24",19.21
"1997-03-25",19.05
"1997-03-26",18.69
"1997-03-27",18.83
"1997-03-28",18.83
"1997-03-31",18.83
"1997-04-01",18.83
"1997-04-02",18.18
"1997-04-03",18.03
"1997-04-04",18.03
"1997-04-07",17.3
"1997-04-08",17.04
"1997-04-09",17.03
"1997-04-10",17.4
"1997-04-11",17.23
"1997-04-14",17.61
"1997-04-15",17.65
"1997-04-16",17.42
"1997-04-17",17.1
"1997-04-18",16.83
"1997-04-21",17.19
"1997-04-22",17.71
"1997-04-23",18.06
"1997-04-24",17.6
"1997-04-25",17.69
"1997-04-28",17.99
"1997-04-29",17.9
"1997-04-30",18.13
"1997-05-01",18.29
"1997-05-02",18.22
"1997-05-05",17.67
"1997-05-06",17.64
"1997-05-07",17.8
"1997-05-08",17.9
"1997-05-09",18.15
"1997-05-12",18.45
"1997-05-13",19.43
"1997-05-14",19.45
"1997-05-15",19.22
"1997-05-16",19.18
"1997-05-19",19.19
"1997-05-20",20.03
"1997-05-21",20.03
"1997-05-22",19.87
"1997-05-23",20.07
"1997-05-26",20.07
"1997-05-27",20.11
"1997-05-28",19.34
"1997-05-29",19.25
"1997-05-30",19.06
"1997-06-02",19.11
"1997-06-03",19.14
"1997-06-04",18.77
"1997-06-05",18.34
"1997-06-06",18
"1997-06-09",17.85
"1997-06-10",17.85
"1997-06-11",17.02
"1997-06-12",17.01
"1997-06-13",16.79
"1997-06-16",17.15
"1997-06-17",17.15
"1997-06-18",17.54
"1997-06-19",17.15
"1997-06-20",17.37
"1997-06-23",17.12
"1997-06-24",17.56
"1997-06-25",17.81
"1997-06-26",17.54
"1997-06-27",17.84
"1997-06-30",17.85
"1997-07-01",18.18
"1997-07-02",18.63
"1997-07-03",18.05
"1997-07-04",18.05
"1997-07-07",18.45
"1997-07-08",18.1
"1997-07-09",18.22
"1997-07-10",18.22
"1997-07-11",18
"1997-07-14",18
"1997-07-15",17.88
"1997-07-16",17.88
"1997-07-17",18.25
"1997-07-18",18.63
"1997-07-21",18.75
"1997-07-22",18.18
"1997-07-23",18.4
"1997-07-24",18.59
"1997-07-25",18.67
"1997-07-28",18.71
"1997-07-29",18.62
"1997-07-30",18.68
"1997-07-31",19
"1997-08-01",18.82
"1997-08-04",19.12
"1997-08-05",19.12
"1997-08-06",19.12
"1997-08-07",19.33
"1997-08-08",19.03
"1997-08-11",18.45
"1997-08-12",18.27
"1997-08-13",18.58
"1997-08-14",18.58
"1997-08-15",19.17
"1997-08-18",19.17
"1997-08-19",18.6
"1997-08-20",18.82
"1997-08-21",18.8
"1997-08-22",18.56
"1997-08-25",18.3
"1997-08-26",18.3
"1997-08-27",17.83
"1997-08-28",18.23
"1997-08-29",18.12
"1997-09-02",18.1
"1997-09-03",18.1
"1997-09-04",18.2
"1997-09-05",18.11
"1997-09-08",18.15
"1997-09-09",18.09
"1997-09-10",18.09
"1997-09-11",18.09
"1997-09-12",18.17
"1997-09-15",18.05
"1997-09-16",18.01
"1997-09-18",18.01
"1997-09-19",18.22
"1997-09-20",18.22
"1997-09-22",18.22
"1997-09-23",18.6
"1997-09-24",18.68
"1997-09-25",18.5
"1997-09-26",18.87
"1997-09-29",19.04
"1997-09-30",19.04
"1997-10-01",20.04
"1997-10-02",20.04
"1997-10-06",21.32
"1997-10-07",20.9
"1997-10-08",20.75
"1997-10-09",20.83
"1997-10-10",20.7
"1997-10-13",20.7
"1997-10-14",20.21
"1997-10-15",19.99
"1997-10-16",19.46
"1997-10-17",19.35
"1997-10-20",20.07
"1997-10-21",19.42
"1997-10-22",19.29
"1997-10-23",20.11
"1997-10-24",19.72
"1997-10-27",19.72
"1997-10-28",19.55
"1997-10-29",18.87
"1997-10-30",19.21
"1997-10-31",19.22
"1997-11-03",19.22
"1997-11-04",19.45
"1997-11-05",19.21
"1997-11-06",19.21
"1997-11-07",18.94
"1997-11-10",19.18
"1997-11-11",19.11
"1997-11-12",19.11
"1997-11-13",19.26
"1997-11-14",19.5
"1997-11-17",19.95
"1997-11-18",19.59
"1997-11-19",19.59
"1997-11-20",19.39
"1997-11-21",19.07
"1997-11-24",19.07
"1997-11-25",19.05
"1997-11-26",19.18
"1997-11-28",18.45
"1997-12-01",18.82
"1997-12-02",17.98
"1997-12-03",18.07
"1997-12-04",17.93
"1997-12-05",17.8
"1997-12-08",17.73
"1997-12-09",17.83
"1997-12-10",17.46
"1997-12-11",17.02
"1997-12-12",16.91
"1997-12-15",17.03
"1997-12-16",16.86
"1997-12-17",16.84
"1997-12-18",17.16
"1997-12-19",16.98
"1997-12-22",17.16
"1997-12-23",16.96
"1997-12-24",17.09
"1997-12-26",17.09
"1997-12-29",17.09
"1997-12-30",16.62
"1997-12-31",16.17
"1998-01-05",15.89
"1998-01-06",15.43
"1998-01-07",15.35
"1998-01-08",15.17
"1998-01-09",15.43
"1998-01-12",15.29
"1998-01-13",14.97
"1998-01-14",15.27
"1998-01-15",14.91
"1998-01-16",14.91
"1998-01-19",14.78
"1998-01-21",15.1
"1998-01-22",15.1
"1998-01-23",14.4
"1998-01-26",14.47
"1998-01-27",14.74
"1998-01-28",15.62
"1998-01-29",15.67
"1998-01-30",16.03
"1998-02-02",15.55
"1998-02-03",15.55
"1998-02-04",15.07
"1998-02-05",14.68
"1998-02-06",14.7
"1998-02-09",14.8
"1998-02-10",14.75
"1998-02-11",14.57
"1998-02-12",14.45
"1998-02-13",14.12
"1998-02-17",14.07
"1998-02-18",13.48
"1998-02-20",13.88
"1998-02-23",13.71
"1998-02-24",14.02
"1998-02-25",14.02
"1998-02-26",13.3
"1998-02-27",13.3
"1998-03-02",13.3
"1998-03-03",13.4
"1998-03-04",13.23
"1998-03-05",13.17
"1998-03-06",13.28
"1998-03-09",12.95
"1998-03-10",12.54
"1998-03-11",12.44
"1998-03-12",12.5
"1998-03-13",12.13
"1998-03-16",12.44
"1998-03-17",12.07
"1998-03-18",11.09
"1998-03-19",11.86
"1998-03-20",11.86
"1998-03-23",12.29
"1998-03-24",14.71
"1998-03-25",14.21
"1998-03-26",14.01
"1998-03-27",14.95
"1998-03-30",14.99
"1998-03-31",14.66
"1998-04-01",13.83
"1998-04-02",13.83
"1998-04-03",13.38
"1998-04-06",13.74
"1998-04-07",13.13
"1998-04-08",12.71
"1998-04-09",12.8
"1998-04-10",13.2
"1998-04-14",13.2
"1998-04-15",13.18
"1998-04-16",12.93
"1998-04-17",13.67
"1998-04-20",13.9
"1998-04-21",13.74
"1998-04-22",13.76
"1998-04-23",13.85
"1998-04-24",13.5
"1998-04-27",13.33
"1998-04-28",13.46
"1998-04-29",13.92
"1998-04-30",14.01
"1998-05-01",13.74
"1998-05-04",14.32
"1998-05-05",14.32
"1998-05-06",14.06
"1998-05-07",13.93
"1998-05-08",14.1
"1998-05-11",14.01
"1998-05-12",14.24
"1998-05-13",14.47
"1998-05-14",14.47
"1998-05-15",14.05
"1998-05-18",14.69
"1998-05-19",14.56
"1998-05-20",14.69
"1998-05-21",14.58
"1998-05-22",14.24
"1998-05-26",14.42
"1998-05-27",14.42
"1998-05-28",14.63
"1998-05-29",14.58
"1998-06-01",14.68
"1998-06-02",14.08
"1998-06-03",13.62
"1998-06-04",13.08
"1998-06-05",13.08
"1998-06-08",13.08
"1998-06-09",13.66
"1998-06-10",13.09
"1998-06-11",12.13
"1998-06-12",12.19
"1998-06-15",11.67
"1998-06-16",11.01
"1998-06-17",11.23
"1998-06-18",11.32
"1998-06-19",10.9
"1998-06-22",10.9
"1998-06-23",11.21
"1998-06-24",12.31
"1998-06-25",12.22
"1998-06-26",11.96
"1998-06-29",12.29
"1998-06-30",12.08
"1998-07-01",12.04
"1998-07-02",12.04
"1998-07-06",12.13
"1998-07-07",11.82
"1998-07-08",11.45
"1998-07-09",11.45
"1998-07-10",12.08
"1998-07-13",14
"1998-07-14",11.67
"1998-07-15",11.85
"1998-07-16",12.16
"1998-07-17",11.8
"1998-07-20",12.43
"1998-07-21",12.43
"1998-07-22",11.97
"1998-07-23",11.92
"1998-07-24",12.22
"1998-07-27",12.16
"1998-07-28",12.46
"1998-07-29",12.73
"1998-07-30",12.65
"1998-07-31",12.65
"1998-08-03",12.61
"1998-08-04",12.45
"1998-08-05",12.11
"1998-08-06",12.05
"1998-08-07",12.06
"1998-08-10",12.03
"1998-08-11",11.72
"1998-08-12",11.13
"1998-08-13",11.26
"1998-08-14",11.74
"1998-08-17",11.74
"1998-08-18",12.12
"1998-08-19",11.91
"1998-08-20",12.06
"1998-08-21",12.25
"1998-08-24",12.15
"1998-08-25",12.07
"1998-08-26",12.38
"1998-08-27",12.16
"1998-08-28",11.92
"1998-08-31",12.24
"1998-09-01",12.24
"1998-09-02",12.01
"1998-09-03",12.08
"1998-09-04",12.65
"1998-09-08",13.01
"1998-09-09",12.47
"1998-09-10",12.34
"1998-09-11",12.52
"1998-09-14",12.82
"1998-09-15",12.83
"1998-09-16",12.7
"1998-09-17",12.72
"1998-09-18",13.37
"1998-09-21",13.48
"1998-09-22",14.25
"1998-09-23",14.19
"1998-09-24",14.68
"1998-09-25",14.49
"1998-09-28",14.78
"1998-09-29",14.59
"1998-09-30",14.33
"1998-10-01",14.33
"1998-10-02",14.57
"1998-10-05",14.15
"1998-10-06",14.01
"1998-10-07",14.01
"1998-10-08",13.82
"1998-10-09",13.33
"1998-10-12",13.08
"1998-10-13",13.02
"1998-10-14",12.66
"1998-10-15",12.39
"1998-10-16",12.39
"1998-10-19",12.17
"1998-10-20",11.77
"1998-10-21",11.38
"1998-10-22",11.72
"1998-10-23",11.77
"1998-10-26",11.81
"1998-10-27",12.57
"1998-10-28",12.69
"1998-10-29",12.38
"1998-10-30",12.36
"1998-11-02",12.03
"1998-11-03",12.39
"1998-11-04",11.88
"1998-11-05",11.79
"1998-11-06",11.79
"1998-11-09",11.42
"1998-11-10",11.46
"1998-11-11",11.17
"1998-11-12",11.41
"1998-11-13",11.41
"1998-11-16",11.41
"1998-11-17",11.18
"1998-11-18",10.5
"1998-11-19",10.3
"1998-11-20",10.48
"1998-11-23",10.48
"1998-11-24",10.43
"1998-11-25",10.41
"1998-11-27",10.58
"1998-11-30",10.53
"1998-12-01",10.32
"1998-12-02",9.68
"1998-12-03",9.64
"1998-12-04",9.99
"1998-12-07",9.81
"1998-12-08",9.33
"1998-12-09",9.88
"1998-12-10",10.11
"1998-12-11",9.17
"1998-12-14",9.2
"1998-12-15",9.6
"1998-12-16",9.74
"1998-12-17",10.62
"1998-12-18",10.48
"1998-12-21",9.55
"1998-12-22",9.7
"1998-12-23",9.7
"1998-12-24",9.7
"1998-12-28",9.7
"1998-12-29",10.02
"1998-12-30",10.33
"1998-12-31",10.27
"1999-01-04",10.44
"1999-01-05",10.44
"1999-01-06",10.41
"1999-01-07",10.52
"1999-01-08",11.43
"1999-01-11",11.57
"1999-01-12",12.04
"1999-01-13",11.77
"1999-01-14",11.24
"1999-01-15",11.14
"1999-01-18",10.95
"1999-01-20",11.12
"1999-01-21",10.82
"1999-01-22",10.92
"1999-01-25",11.2
"1999-01-26",11.18
"1999-01-27",10.81
"1999-01-28",10.79
"1999-01-29",10.84
"1999-02-01",11.04
"1999-02-02",11.2
"1999-02-03",10.54
"1999-02-04",10.71
"1999-02-05",10.49
"1999-02-08",10.18
"1999-02-09",10.08
"1999-02-10",9.8
"1999-02-11",9.78
"1999-02-12",9.82
"1999-02-16",10.06
"1999-02-17",9.96
"1999-02-18",9.88
"1999-02-19",10
"1999-02-22",10.21
"1999-02-23",10.1
"1999-02-24",10.62
"1999-02-25",10.47
"1999-02-26",10.66
"1999-03-01",10.73
"1999-03-02",10.54
"1999-03-03",10.3
"1999-03-04",10.78
"1999-03-05",10.95
"1999-03-08",11.1
"1999-03-09",11.28
"1999-03-10",11.34
"1999-03-11",11.41
"1999-03-12",11.96
"1999-03-15",12.06
"1999-03-16",12.05
"1999-03-17",12.3
"1999-03-18",12.3
"1999-03-19",13.51
"1999-03-22",13.02
"1999-03-23",13.22
"1999-03-24",13.29
"1999-03-25",13.27
"1999-03-26",13.19
"1999-03-29",13.82
"1999-03-30",14.47
"1999-03-31",14.44
"1999-04-01",14.47
"1999-04-02",14.56
"1999-04-06",14.56
"1999-04-07",14.49
"1999-04-08",14.11
"1999-04-09",13.97
"1999-04-12",14.36
"1999-04-13",14.38
"1999-04-14",14.76
"1999-04-15",14.67
"1999-04-16",15.01
"1999-04-19",15.08
"1999-04-20",15.96
"1999-04-21",15.82
"1999-04-22",15.86
"1999-04-23",15.93
"1999-04-26",15.93
"1999-04-27",15.7
"1999-04-28",15.65
"1999-04-29",16.33
"1999-04-30",16.47
"1999-05-03",16.6
"1999-05-04",16.6
"1999-05-05",16.86
"1999-05-06",16.38
"1999-05-07",16.38
"1999-05-10",15.38
"1999-05-11",15.68
"1999-05-12",15.39
"1999-05-13",14.65
"1999-05-14",15.1
"1999-05-17",15.13
"1999-05-18",14.88
"1999-05-19",14.71
"1999-05-20",14.29
"1999-05-21",14.11
"1999-05-24",14.63
"1999-05-25",14.83
"1999-05-26",14.68
"1999-05-27",15.03
"1999-05-28",15.06
"1999-06-01",14.74
"1999-06-02",14.21
"1999-06-03",14.09
"1999-06-04",14.11
"1999-06-07",14.83
"1999-06-08",14.83
"1999-06-09",16.08
"1999-06-10",16.03
"1999-06-11",16.1
"1999-06-14",15.92
"1999-06-15",16.15
"1999-06-16",16.15
"1999-06-17",16.3
"1999-06-18",15.9
"1999-06-21",16.03
"1999-06-22",15.68
"1999-06-23",15.56
"1999-06-24",15.91
"1999-06-25",16.27
"1999-06-28",16.33
"1999-06-29",16.33
"1999-06-30",16.25
"1999-07-01",16.84
"1999-07-02",17.27
"1999-07-06",17.32
"1999-07-07",18.26
"1999-07-08",18.26
"1999-07-09",18.64
"1999-07-12",18.68
"1999-07-13",18.86
"1999-07-14",18.86
"1999-07-15",18.87
"1999-07-16",18.91
"1999-07-19",19.45
"1999-07-20",19.63
"1999-07-21",19.35
"1999-07-22",19.35
"1999-07-23",18.82
"1999-07-26",19.39
"1999-07-27",19.68
"1999-07-28",19.44
"1999-07-29",19.6
"1999-07-30",19.87
"1999-08-02",19.86
"1999-08-03",19.47
"1999-08-04",19.24
"1999-08-05",19.63
"1999-08-06",19.69
"1999-08-09",19.66
"1999-08-10",19.92
"1999-08-11",20.09
"1999-08-12",20.52
"1999-08-13",20.34
"1999-08-16",20.68
"1999-08-17",20.6
"1999-08-18",20.6
"1999-08-19",20.59
"1999-08-20",20.93
"1999-08-23",21.23
"1999-08-24",20.97
"1999-08-25",20.36
"1999-08-26",19.75
"1999-08-27",19.63
"1999-08-30",20.21
"1999-08-31",20.21
"1999-09-01",21.15
"1999-09-02",20.98
"1999-09-03",20.62
"1999-09-07",20.8
"1999-09-08",21.18
"1999-09-09",21.82
"1999-09-10",22.41
"1999-09-13",22.71
"1999-09-14",22.86
"1999-09-15",23.02
"1999-09-16",23.08
"1999-09-17",23.08
"1999-09-20",22.97
"1999-09-21",22.61
"1999-09-22",22.46
"1999-09-23",22.15
"1999-09-24",23.31
"1999-09-27",23.41
"1999-09-28",23.35
"1999-09-29",23.28
"1999-09-30",23.33
"1999-10-01",22.78
"1999-10-04",22.83
"1999-10-05",23.12
"1999-10-06",23.02
"1999-10-07",23.12
"1999-10-08",22.39
"1999-10-11",20.88
"1999-10-12",20.81
"1999-10-13",21.58
"1999-10-14",22.13
"1999-10-15",22.2
"1999-10-18",21.75
"1999-10-19",21.83
"1999-10-20",21.47
"1999-10-21",20.91
"1999-10-22",21.67
"1999-10-25",22.08
"1999-10-26",22.32
"1999-10-27",22.09
"1999-10-28",22.2
"1999-10-29",21.61
"1999-11-01",21.14
"1999-11-02",21.14
"1999-11-03",21.92
"1999-11-04",22.16
"1999-11-05",22.61
"1999-11-08",22.89
"1999-11-09",23.65
"1999-11-10",24.21
"1999-11-11",24.645
"1999-11-15",25.08
"1999-11-16",25.77
"1999-11-17",25.15
"1999-11-18",24.96
"1999-11-19",25.08
"1999-11-22",25.06
"1999-11-23",26.05
"1999-11-24",25.79
"1999-11-26",25.77
"1999-11-29",25.25
"1999-11-30",25.88
"1999-12-01",25.08
"1999-12-02",24.1
"1999-12-03",25.27
"1999-12-06",26
"1999-12-07",26.34
"1999-12-08",26.21
"1999-12-09",25.78
"1999-12-10",25.94
"1999-12-11",24.99
"1999-12-12",24.37
"1999-12-15",24.37
"1999-12-16",25.79
"1999-12-17",26.13
"1999-12-20",26.31
"1999-12-21",26.22
"1999-12-22",25.54
"1999-12-23",25.18
"1999-12-27",24.77
"1999-12-28",24.77
"1999-12-29",24.77
"1999-12-30",25.6
"1999-12-31",25.1
"2000-01-03",25.1
"2000-01-04",25.1
"2000-01-05",23.93
"2000-01-06",23.77
"2000-01-07",23.68
"2000-01-10",23.26
"2000-01-11",22.73
"2000-01-12",22.73
"2000-01-13",24.5
"2000-01-14",24.93
"2000-01-17",25.39
"2000-01-18",25.39
"2000-01-19",26.15
"2000-01-20",26.23
"2000-01-21",26.26
"2000-01-24",27.18
"2000-01-25",27.13
"2000-01-26",27.11
"2000-01-27",26.5
"2000-01-28",26.97
"2000-01-31",26.42
"2000-02-01",26.17
"2000-02-02",27.34
"2000-02-03",27.05
"2000-02-04",27.48
"2000-02-07",27.49
"2000-02-08",27.84
"2000-02-09",27.47
"2000-02-10",27.24
"2000-02-11",27.59
"2000-02-14",27.27
"2000-02-15",27.9
"2000-02-16",28.13
"2000-02-17",28.13
"2000-02-18",27.48
"2000-02-22",27.85
"2000-02-23",26.7
"2000-02-24",27.75
"2000-02-25",28.41
"2000-02-28",28.69
"2000-02-29",28.33
"2000-03-01",28.83
"2000-03-02",28.83
"2000-03-03",30.05
"2000-03-06",30.05
"2000-03-07",29.98
"2000-03-08",31.53
"2000-03-09",31.53
"2000-03-10",30.18
"2000-03-13",29.22
"2000-03-14",29.22
"2000-03-15",28.95
"2000-03-16",28.92
"2000-03-17",27.61
"2000-03-20",27.61
"2000-03-21",27.61
"2000-03-22",25.51
"2000-03-23",25.51
"2000-03-24",25.25
"2000-03-27",25.36
"2000-03-28",24.92
"2000-03-29",24.87
"2000-03-30",23.47
"2000-03-31",23.62
"2000-04-03",24.07
"2000-04-04",24.07
"2000-04-05",23.09
"2000-04-06",22.81
"2000-04-07",22.86
"2000-04-10",23.3
"2000-04-11",21.27
"2000-04-12",20.79
"2000-04-13",22.07
"2000-04-14",22.33
"2000-04-17",22.23
"2000-04-18",22.23
"2000-04-19",22.96
"2000-04-20",22.54
"2000-04-21",23.46
"2000-04-24",23.46
"2000-04-25",23.46
"2000-04-26",23.4
"2000-04-27",23.4
"2000-04-28",23.4
"2000-05-01",23.4
"2000-05-02",23.4
"2000-05-03",24.73
"2000-05-04",25.15
"2000-05-05",25.03
"2000-05-08",24.83
"2000-05-09",25.83
"2000-05-10",26.75
"2000-05-11",26.75
"2000-05-12",27.39
"2000-05-15",28.67
"2000-05-16",28.44
"2000-05-17",28.95
"2000-05-18",28.62
"2000-05-19",29.02
"2000-05-22",28.93
"2000-05-23",27.31
"2000-05-24",27.82
"2000-05-25",28.96
"2000-05-26",29.27
"2000-05-30",30.06
"2000-05-31",29.87
"2000-06-01",29.06
"2000-06-02",29.2
"2000-06-05",29.1
"2000-06-06",28.61
"2000-06-07",28.15
"2000-06-08",28.16
"2000-06-09",29.1
"2000-06-12",28.52
"2000-06-13",30
"2000-06-14",30.52
"2000-06-15",29.87
"2000-06-16",29.87
"2000-06-18",29.94
"2000-06-20",28.26
"2000-06-21",28.55
"2000-06-22",29.53
"2000-06-23",30.2
"2000-06-26",30.8
"2000-06-27",30.78
"2000-06-28",30.2
"2000-06-29",31
"2000-06-30",30.75
"2000-07-05",31.63
"2000-07-06",30.83
"2000-07-07",30.83
"2000-07-10",30.49
"2000-07-11",30.39
"2000-07-12",30.39
"2000-07-13",30.36
"2000-07-14",31.15
"2000-07-17",30.52
"2000-07-18",29.35
"2000-07-19",28.22
"2000-07-20",28.16
"2000-07-21",28.06
"2000-07-24",26.87
"2000-07-25",26.16
"2000-07-26",25.59
"2000-07-27",25.96
"2000-07-28",25.6
"2000-07-31",25.85
"2000-08-01",25.78
"2000-08-02",25.36
"2000-08-03",26.71
"2000-08-04",26.99
"2000-08-07",27.63
"2000-08-08",27.67
"2000-08-09",27.75
"2000-08-10",28.09
"2000-08-11",29.16
"2000-08-14",29.18
"2000-08-15",29
"2000-08-16",29.85
"2000-08-17",29.64
"2000-08-18",30.66
"2000-08-21",30.73
"2000-08-22",31.29
"2000-08-23",30.11
"2000-08-24",30.88
"2000-08-25",30.62
"2000-08-28",30.38
"2000-08-29",30.38
"2000-08-30",34.27
"2000-08-31",33.94
"2000-09-01",34.83
"2000-09-05",34.92
"2000-09-06",35.63
"2000-09-07",36.61
"2000-09-08",37.03
"2000-09-11",36.26
"2000-09-12",36.96
"2000-09-13",33.76
"2000-09-14",30.4
"2000-09-15",31.05
"2000-09-18",32.77
"2000-09-19",34.69
"2000-09-20",33.76
"2000-09-21",33.83
"2000-09-22",32.43
"2000-09-25",32.43
"2000-09-26",29.41
"2000-09-27",29.35
"2000-09-28",29.92
"2000-09-29",28.93
"2000-10-02",28.48
"2000-10-03",29.46
"2000-10-04",30.57
"2000-10-05",30.1
"2000-10-06",29.13
"2000-10-09",29.62
"2000-10-10",29.95
"2000-10-11",30.91
"2000-10-12",31.28
"2000-10-13",31.28
"2000-10-16",33.39
"2000-10-17",31.99
"2000-10-18",30.63
"2000-10-19",30.96
"2000-10-20",30.93
"2000-10-23",30.89
"2000-10-24",30.56
"2000-10-25",31.4
"2000-10-26",31.54
"2000-10-27",31.52
"2000-10-30",31.24
"2000-10-31",30.82
"2000-11-01",30.25
"2000-11-02",31.36
"2000-11-03",30.72
"2000-11-06",30.54
"2000-11-07",31.02
"2000-11-08",31.49
"2000-11-09",31.3
"2000-11-10",31.75
"2000-11-13",32.28
"2000-11-14",32.67
"2000-11-15",33.19
"2000-11-16",33.81
"2000-11-17",33.76
"2000-11-20",33.43
"2000-11-21",34.15
"2000-11-22",33.11
"2000-11-24",33.06
"2000-11-27",32.98
"2000-11-28",33.44
"2000-11-29",32.59
"2000-11-30",32.25
"2000-12-01",32.44
"2000-12-04",31.12
"2000-12-05",30.48
"2000-12-06",28.64
"2000-12-07",27.14
"2000-12-08",27.84
"2000-12-11",26.86
"2000-12-12",27.28
"2000-12-13",26.53
"2000-12-14",26.48
"2000-12-15",24.83
"2000-12-18",25.45
"2000-12-19",26.03
"2000-12-20",25.26
"2000-12-21",23.23
"2000-12-22",22.38
"2000-12-26",22.23
"2000-12-27",22.23
"2000-12-28",22.54
"2000-12-29",22.3
"2001-01-02",22.5
"2001-01-03",23.18
"2001-01-04",23.35
"2001-01-05",23.35
"2001-01-08",24.52
"2001-01-09",24.76
"2001-01-10",24.15
"2001-01-11",24.85
"2001-01-12",25.6
"2001-01-15",25.53
"2001-01-17",25.54
"2001-01-18",24.29
"2001-01-19",24.68
"2001-01-22",26.23
"2001-01-23",27.34
"2001-01-24",27.07
"2001-01-25",27.1
"2001-01-26",27.1
"2001-01-29",26.94
"2001-01-30",26.46
"2001-01-31",26.29
"2001-02-01",26.56
"2001-02-02",27.21
"2001-02-05",28.67
"2001-02-06",29.1
"2001-02-07",29.06
"2001-02-08",29.47
"2001-02-09",30.61
"2001-02-12",29.67
"2001-02-13",29.67
"2001-02-14",27.84
"2001-02-15",28.23
"2001-02-16",26.23
"2001-02-20",26.61
"2001-02-21",26.23
"2001-02-22",25.89
"2001-02-23",26.08
"2001-02-26",26.08
"2001-02-27",25.68
"2001-02-28",25.31
"2001-03-01",25.51
"2001-03-02",25.06
"2001-03-05",25.27
"2001-03-06",25.99
"2001-03-07",25.79
"2001-03-08",25.92
"2001-03-09",26.18
"2001-03-12",25.65
"2001-03-13",25.25
"2001-03-14",24.67
"2001-03-15",24.34
"2001-03-16",23.47
"2001-03-19",24.11
"2001-03-20",23.34
"2001-03-21",23.64
"2001-03-22",23.4
"2001-03-23",23.53
"2001-03-26",23.76
"2001-03-27",24.02
"2001-03-28",24.6
"2001-03-29",24.72
"2001-03-30",24
"2001-04-02",23.85
"2001-04-03",23.85
"2001-04-04",23.57
"2001-04-05",24.45
"2001-04-06",24.66
"2001-04-09",23.97
"2001-04-10",24.66
"2001-04-11",24.7
"2001-04-12",26.45
"2001-04-13",26.45
"2001-04-17",27.79
"2001-04-18",26.92
"2001-04-19",26
"2001-04-20",25.83
"2001-04-23",25.54
"2001-04-24",25.48
"2001-04-25",25.77
"2001-04-26",25.51
"2001-04-27",26.77
"2001-04-30",27.02
"2001-05-01",27.51
"2001-05-02",27.3
"2001-05-03",27.14
"2001-05-04",27.4
"2001-05-07",27.4
"2001-05-08",27.4
"2001-05-09",27.84
"2001-05-10",27.41
"2001-05-11",28.14
"2001-05-14",27.78
"2001-05-15",27.68
"2001-05-16",27.78
"2001-05-17",27.92
"2001-05-18",28.66
"2001-05-21",29.44
"2001-05-22",29.73
"2001-05-23",29.73
"2001-05-24",29.47
"2001-05-25",28.79
"2001-05-29",28.79
"2001-05-30",29.1
"2001-05-31",29.08
"2001-06-01",28.49
"2001-06-04",28.81
"2001-06-05",28.85
"2001-06-06",29.16
"2001-06-07",28.64
"2001-06-08",28.47
"2001-06-11",28.81
"2001-06-12",29.55
"2001-06-13",28.8
"2001-06-14",28.72
"2001-06-15",28.72
"2001-06-18",28.19
"2001-06-19",27.57
"2001-06-20",26.49
"2001-06-21",26.41
"2001-06-22",26.14
"2001-06-25",26.61
"2001-06-26",27.44
"2001-06-27",27.48
"2001-06-28",26.16
"2001-06-29",26.16
"2001-07-02",26.13
"2001-07-03",25.96
"2001-07-05",25.33
"2001-07-06",25.69
"2001-07-09",26.34
"2001-07-10",26.14
"2001-07-11",24.83
"2001-07-12",24.66
"2001-07-13",23.56
"2001-07-16",23.9
"2001-07-17",23.67
"2001-07-18",23.84
"2001-07-19",22.93
"2001-07-20",23.53
"2001-07-23",23.09
"2001-07-24",24.28
"2001-07-25",24.23
"2001-07-26",24.74
"2001-07-27",24.82
"2001-07-30",24.49
"2001-07-31",24.67
"2001-08-01",24.44
"2001-08-02",24.47
"2001-08-03",26.59
"2001-08-06",25.52
"2001-08-07",25.52
"2001-08-08",26.02
"2001-08-09",26.02
"2001-08-10",25.19
"2001-08-13",25.75
"2001-08-14",25.78
"2001-08-15",25.78
"2001-08-16",25.95
"2001-08-17",25.28
"2001-08-20",24.74
"2001-08-21",24.59
"2001-08-22",25.41
"2001-08-23",25.65
"2001-08-24",25.6
"2001-08-27",26.13
"2001-08-28",26.36
"2001-08-29",26.42
"2001-08-30",26.74
"2001-08-31",26.73
"2001-09-04",26.88
"2001-09-05",26.32
"2001-09-06",26.02
"2001-09-07",26.65
"2001-09-10",27.4
"2001-09-11",27.41
"2001-09-13",28.87
"2001-09-14",28.14
"2001-09-18",28.29
"2001-09-19",27.02
"2001-09-20",26.05
"2001-09-21",25.57
"2001-09-24",25
"2001-09-25",25
"2001-09-26",19.99
"2001-09-27",20.71
"2001-09-28",21.45
"2001-10-02",21.28
"2001-10-03",21.32
"2001-10-04",20.57
"2001-10-05",21.25
"2001-10-08",21.29
"2001-10-09",20.77
"2001-10-10",20.59
"2001-10-11",21.02
"2001-10-12",21.19
"2001-10-15",20.5
"2001-10-16",20.27
"2001-10-17",21.07
"2001-10-18",19.94
"2001-10-19",19.97
"2001-10-22",19.8
"2001-10-23",20.34
"2001-10-24",20.35
"2001-10-25",20.03
"2001-10-26",20.57
"2001-10-29",20.23
"2001-10-30",20.54
"2001-10-31",20.34
"2001-11-01",19.78
"2001-11-02",19.49
"2001-11-05",19.49
"2001-11-06",19.05
"2001-11-07",18.63
"2001-11-08",18.77
"2001-11-09",19.45
"2001-11-12",20.5
"2001-11-13",19.6
"2001-11-14",20.46
"2001-11-15",18.79
"2001-11-16",16.57
"2001-11-19",16.98
"2001-11-20",16.66
"2001-11-21",18.48
"2001-11-23",18.89
"2001-11-26",19.47
"2001-11-27",18.46
"2001-11-28",19.3
"2001-11-29",18.94
"2001-11-30",18.94
"2001-12-03",18.87
"2001-12-04",19.77
"2001-12-05",19.17
"2001-12-06",19.22
"2001-12-07",18.53
"2001-12-10",17.77
"2001-12-11",17.88
"2001-12-12",17.59
"2001-12-13",18.18
"2001-12-14",17.77
"2001-12-17",18.42
"2001-12-18",18.6
"2001-12-19",18.27
"2001-12-20",18.87
"2001-12-21",18.83
"2001-12-26",18.24
"2001-12-27",18.24
"2001-12-28",19.77
"2002-01-02",19.29
"2002-01-03",19.9
"2002-01-04",20.21
"2002-01-07",20.21
"2002-01-08",20.75
"2002-01-09",21.14
"2002-01-10",20.09
"2002-01-11",19.47
"2002-01-14",19.93
"2002-01-15",18.76
"2002-01-16",18.86
"2002-01-17",18.55
"2002-01-18",18.47
"2002-01-21",18.14
"2002-01-23",18.68
"2002-01-24",19.16
"2002-01-25",19.21
"2002-01-28",19.12
"2002-01-29",19.71
"2002-01-30",19.39
"2002-01-31",18.66
"2002-02-01",19.13
"2002-02-04",19.74
"2002-02-05",20.2
"2002-02-06",19.75
"2002-02-07",19.93
"2002-02-08",19.33
"2002-02-11",20.09
"2002-02-12",20.1
"2002-02-13",20.18
"2002-02-14",20.76
"2002-02-15",20.69
"2002-02-19",20.68
"2002-02-20",20.12
"2002-02-21",19.47
"2002-02-22",19.91
"2002-02-25",20.06
"2002-02-26",19.75
"2002-02-27",19.93
"2002-02-28",19.93
"2002-03-01",20.69
"2002-03-04",21.86
"2002-03-05",21.63
"2002-03-06",22.35
"2002-03-07",22.02
"2002-03-08",22.95
"2002-03-11",22.24
"2002-03-12",22.24
"2002-03-13",23.12
"2002-03-14",23.5
"2002-03-15",23.84
"2002-03-18",23.78
"2002-03-19",23.95
"2002-03-20",24.34
"2002-03-21",24.64
"2002-03-22",24.26
"2002-03-25",24.87
"2002-03-26",24.41
"2002-03-27",24.58
"2002-03-28",25.11
"2002-03-29",25.15
"2002-04-01",25.15
"2002-04-02",25.15
"2002-04-03",26.87
"2002-04-04",26.76
"2002-04-05",26.92
"2002-04-08",25.97
"2002-04-09",26.34
"2002-04-10",25.39
"2002-04-11",24.91
"2002-04-12",24.1
"2002-04-15",23.2
"2002-04-16",23.44
"2002-04-17",24.13
"2002-04-18",24.56
"2002-04-19",25.56
"2002-04-22",25.33
"2002-04-23",25.67
"2002-04-24",26.46
"2002-04-25",25.98
"2002-04-26",26.5
"2002-04-29",26.5
"2002-04-30",26.86
"2002-05-01",26.95
"2002-05-02",26.6
"2002-05-03",25.58
"2002-05-06",25.76
"2002-05-07",26.3
"2002-05-08",25.52
"2002-05-09",26.21
"2002-05-10",25.96
"2002-05-13",26.43
"2002-05-14",26.03
"2002-05-15",26.72
"2002-05-16",26.7
"2002-05-17",25.78
"2002-05-20",25.43
"2002-05-21",25.59
"2002-05-22",24.93
"2002-05-23",24.37
"2002-05-24",24.05
"2002-05-28",24.17
"2002-05-29",24.68
"2002-05-30",24.02
"2002-05-31",23.86
"2002-06-03",23.93
"2002-06-04",23.93
"2002-06-05",23.93
"2002-06-06",23.15
"2002-06-07",22.68
"2002-06-10",23.26
"2002-06-11",22.92
"2002-06-12",22.76
"2002-06-13",22.8
"2002-06-14",23.94
"2002-06-17",24.09
"2002-06-18",24.09
"2002-06-19",24.61
"2002-06-20",24.83
"2002-06-21",24.43
"2002-06-24",24.07
"2002-06-25",24.92
"2002-06-26",25.58
"2002-06-27",24.89
"2002-06-28",25.25
"2002-07-01",25.31
"2002-07-02",25.53
"2002-07-03",25.7
"2002-07-04",25.7
"2002-07-05",25.55
"2002-07-08",25.78
"2002-07-09",25.04
"2002-07-10",24.89
"2002-07-11",25.79
"2002-07-12",25.7
"2002-07-15",25.86
"2002-07-16",20.06
"2002-07-17",26.22
"2002-07-18",26.21
"2002-07-19",26.5
"2002-07-22",26.17
"2002-07-23",25.42
"2002-07-24",25.5
"2002-07-25",25.33
"2002-07-26",25.32
"2002-07-29",25.2
"2002-07-30",25.2
"2002-07-31",26.12
"2002-08-01",26.12
"2002-08-02",25.51
"2002-08-05",25.01
"2002-08-06",25.23
"2002-08-07",25.69
"2002-08-08",25.7
"2002-08-09",25.33
"2002-08-12",25.37
"2002-08-13",25.62
"2002-08-14",26.36
"2002-08-15",26.76
"2002-08-16",26.76
"2002-08-19",26.76
"2002-08-20",27.59
"2002-08-21",27.64
"2002-08-22",27.96
"2002-08-23",27.55
"2002-08-26",27.55
"2002-08-27",27.3
"2002-08-28",27.37
"2002-08-29",27.01
"2002-08-30",26.81
"2002-09-03",27.33
"2002-09-04",26.73
"2002-09-05",27.23
"2002-09-06",27.44
"2002-09-09",28.7
"2002-09-10",28.42
"2002-09-11",28.8
"2002-09-12",28.52
"2002-09-13",27.75
"2002-09-16",28.47
"2002-09-17",28.29
"2002-09-18",27.7
"2002-09-19",28.2
"2002-09-20",28.18
"2002-09-23",28.55
"2002-09-24",29.09
"2002-09-25",29.23
"2002-09-26",29.12
"2002-09-27",26.83
"2002-09-30",26.83
"2002-10-01",29.02
"2002-10-02",29.35
"2002-10-03",29.03
"2002-10-04",28.44
"2002-10-07",28.27
"2002-10-08",28.26
"2002-10-09",28.19
"2002-10-10",28.25
"2002-10-11",27.37
"2002-10-14",28.21
"2002-10-15",28.5
"2002-10-16",28.55
"2002-10-17",28.7
"2002-10-18",27.99
"2002-10-21",27.99
"2002-10-22",27.08
"2002-10-23",26.58
"2002-10-24",26.7
"2002-10-25",26.88
"2002-10-28",25.86
"2002-10-29",25.44
"2002-10-30",25.81
"2002-10-31",25.56
"2002-11-01",25.43
"2002-11-04",25.72
"2002-11-05",25.72
"2002-11-06",24.57
"2002-11-07",23.86
"2002-11-08",24.08
"2002-11-11",24.08
"2002-11-12",23.94
"2002-11-13",23.79
"2002-11-14",22.6
"2002-11-15",22.51
"2002-11-18",22.51
"2002-11-19",23.94
"2002-11-20",24.18
"2002-11-21",24.26
"2002-11-22",24.67
"2002-11-25",24.86
"2002-11-26",24.91
"2002-11-27",24.65
"2002-12-02",25.12
"2002-12-03",25.12
"2002-12-04",25.85
"2002-12-05",25.72
"2002-12-06",26
"2002-12-09",26.05
"2002-12-10",26.05
"2002-12-11",26.23
"2002-12-12",27.23
"2002-12-13",27.42
"2002-12-16",27.45
"2002-12-17",28.94
"2002-12-18",28.94
"2002-12-19",29.9
"2002-12-20",30.57
"2002-12-23",29.73
"2002-12-26",31.06
"2002-12-27",31.06
"2002-12-30",31.46
"2002-12-31",31.98
"2003-01-02",31.98
"2003-01-03",30.64
"2003-01-06",31.47
"2003-01-07",30.44
"2003-01-08",29.67
"2003-01-09",28.9
"2003-01-10",30.01
"2003-01-13",30.86
"2003-01-14",30.25
"2003-01-15",31.66
"2003-01-16",31.93
"2003-01-17",32.53
"2003-01-22",32.02
"2003-01-23",31.98
"2003-01-24",31.45
"2003-01-27",31.71
"2003-01-28",31.45
"2003-01-29",31.5
"2003-01-30",31.97
"2003-01-31",32.35
"2003-02-03",32.5
"2003-02-04",32.5
"2003-02-05",31.07
"2003-02-06",31.11
"2003-02-07",31.58
"2003-02-10",32
"2003-02-11",32.04
"2003-02-12",32.5
"2003-02-13",32.52
"2003-02-14",33.01
"2003-02-18",33.42
"2003-02-19",33.23
"2003-02-20",33.36
"2003-02-21",32.21
"2003-02-25",33.36
"2003-02-26",33.61
"2003-02-27",33.7
"2003-02-28",33.85
"2003-03-03",33.85
"2003-03-04",33.29
"2003-03-05",34.05
"2003-03-06",33.67
"2003-03-07",34.64
"2003-03-10",34.73
"2003-03-11",34.86
"2003-03-12",33.79
"2003-03-13",33.98
"2003-03-14",33.54
"2003-03-17",31.34
"2003-03-18",30.22
"2003-03-19",28.44
"2003-03-20",28.29
"2003-03-21",37.95
"2003-03-24",24.79
"2003-03-25",26.28
"2003-03-26",26.75
"2003-03-27",25.9
"2003-03-28",27.28
"2003-03-31",27.78
"2003-04-01",28.06
"2003-04-02",27.21
"2003-04-03",25.34
"2003-04-04",26.05
"2003-04-07",26.06
"2003-04-08",25.41
"2003-04-09",25.08
"2003-04-10",25.32
"2003-04-11",24.92
"2003-04-14",24.23
"2003-04-15",24.23
"2003-04-16",24.83
"2003-04-17",24.95
"2003-04-18",25.37
"2003-04-22",25.81
"2003-04-23",25.77
"2003-04-24",24.41
"2003-04-25",23.73
"2003-04-28",24.26
"2003-04-29",23.38
"2003-04-30",22.94
"2003-05-01",23.31
"2003-05-02",23.59
"2003-05-05",23.09
"2003-05-06",23.36
"2003-05-07",23.53
"2003-05-08",23.82
"2003-05-09",24.72
"2003-05-12",24.87
"2003-05-13",25.61
"2003-05-14",25.48
"2003-05-15",26.11
"2003-05-16",26.63
"2003-05-19",26.76
"2003-05-20",27.83
"2003-05-21",26.49
"2003-05-22",27.72
"2003-05-23",27.09
"2003-05-28",26.28
"2003-05-29",26.4
"2003-05-30",26.44
"2003-06-02",26.44
"2003-06-03",27.96
"2003-06-04",27.96
"2003-06-05",27.62
"2003-06-09",27.94
"2003-06-10",28.52
"2003-06-11",28.34
"2003-06-12",28.79
"2003-06-13",28.38
"2003-06-16",27.33
"2003-06-17",26.69
"2003-06-18",26.93
"2003-06-19",26.16
"2003-06-20",26.29
"2003-06-23",27.03
"2003-06-24",26.98
"2003-06-25",26.73
"2003-06-26",27.38
"2003-06-27",27.38
"2003-06-30",27.36
"2003-07-01",28.17
"2003-07-02",27.93
"2003-07-03",28.21
"2003-07-07",28.86
"2003-07-08",27.73
"2003-07-09",27.7
"2003-07-10",28.15
"2003-07-11",28.15
"2003-07-14",29.29
"2003-07-15",28.88
"2003-07-16",28.82
"2003-07-17",28.57
"2003-07-18",28.76
"2003-07-21",29.13
"2003-07-22",28.7
"2003-07-23",28.02
"2003-07-24",27.81
"2003-07-25",28
"2003-07-28",28
"2003-07-29",28.02
"2003-07-30",28.11
"2003-07-31",28.11
"2003-08-01",28.64
"2003-08-04",28.64
"2003-08-05",29.91
"2003-08-06",30.22
"2003-08-07",30.22
"2003-08-08",30.22
"2003-08-11",30.22
"2003-08-12",30.13
"2003-08-13",30.23
"2003-08-14",29.57
"2003-08-15",28.75
"2003-08-18",29.5
"2003-08-19",29.52
"2003-08-20",28.91
"2003-08-21",29.03
"2003-08-25",29
"2003-08-26",30.11
"2003-08-27",30.03
"2003-08-28",29.77
"2003-08-29",29.9
"2003-09-03",27.93
"2003-09-04",27.84
"2003-09-05",27.5
"2003-09-08",27.47
"2003-09-09",27.72
"2003-09-10",27.52
"2003-09-11",27.32
"2003-09-12",27.38
"2003-09-15",26.59
"2003-09-16",26.59
"2003-09-17",24.43
"2003-09-18",26.09
"2003-09-22",25.3
"2003-09-23",25.59
"2003-09-24",25.75
"2003-09-25",25.59
"2003-09-29",27.09
"2003-09-30",27.43
"2003-10-01",28.23
"2003-10-02",28.23
"2003-10-03",28.85
"2003-10-06",28.85
"2003-10-07",29.38
"2003-10-08",29.5
"2003-10-09",29.11
"2003-10-13",30.98
"2003-10-14",31.14
"2003-10-15",31.27
"2003-10-16",31.15
"2003-10-17",31.01
"2003-10-20",31.01
"2003-10-21",29.61
"2003-10-22",29.59
"2003-10-23",29.26
"2003-10-24",29.2
"2003-10-27",29.88
"2003-10-28",29.37
"2003-10-29",28.88
"2003-10-30",28.88
"2003-10-31",29.88
"2003-11-03",27.89
"2003-11-04",27.85
"2003-11-05",27.85
"2003-11-06",28.09
"2003-11-07",28.25
"2003-11-10",28.1
"2003-11-11",28.1
"2003-11-12",28.95
"2003-11-13",28.95
"2003-11-14",29.07
"2003-11-17",29.67
"2003-11-18",29.67
"2003-11-19",28.82
"2003-11-20",29.76
"2003-11-21",29.75
"2003-11-24",29.76
"2003-11-25",28.37
"2003-11-26",28.37
"2003-11-27",28.37
"2003-11-28",28.41
"2003-12-01",28.9
"2003-12-02",28.16
"2003-12-03",29.09
"2003-12-04",29.09
"2003-12-05",29.33
"2003-12-08",29
"2003-12-09",29.95
"2003-12-10",30.33
"2003-12-11",30.08
"2003-12-12",30
"2003-12-15",30.05
"2003-12-16",30.55
"2003-12-17",30.37
"2003-12-18",30.37
"2003-12-19",30.61
"2003-12-22",30.61
"2003-12-23",30.61
"2003-12-24",29.05
"2003-12-25",29.05
"2003-12-26",29.05
"2003-12-29",29.05
"2003-12-30",29.62
"2003-12-31",29.62
"2004-01-02",29.62
"2004-01-05",29.62
"2004-01-06",31.02
"2004-01-07",31.16
"2004-01-08",31.16
"2004-01-09",31.15
"2004-01-12",31.92
"2004-01-13",31.95
"2004-01-14",32.45
"2004-01-15",31.55
"2004-01-16",31.94
"2004-01-19",31.23
"2004-01-20",31.61
"2004-01-21",32.18
"2004-01-22",31.41
"2004-01-23",31.51
"2004-01-26",31.51
"2004-01-27",31.51
"2004-01-28",30.67
"2004-01-29",30.67
"2004-01-30",29.48
"2004-02-02",29.5
"2004-02-03",29.42
"2004-02-04",30.05
"2004-02-05",30.05
"2004-02-06",29.39
"2004-02-09",29.39
"2004-02-10",29.07
"2004-02-11",29.42
"2004-02-12",30.37
"2004-02-13",30.5
"2004-02-17",31.39
"2004-02-18",31.26
"2004-02-19",31.96
"2004-02-20",31.78
"2004-02-23",31.57
"2004-02-24",31.52
"2004-02-25",31.52
"2004-02-26",32.4
"2004-02-27",32.2
"2004-03-01",32.53
"2004-03-02",33.63
"2004-03-03",34.27
"2004-03-04",34.27
"2004-03-05",34.27
"2004-03-08",34.27
"2004-03-09",33.69
"2004-03-10",33.69
"2004-03-11",33.69
"2004-03-12",33.69
"2004-03-15",33.69
"2004-03-16",33.69
"2004-03-17",33.69
"2004-03-18",34.64
"2004-03-19",34.44
"2004-03-22",34.44
"2004-03-23",34.44
"2004-03-24",34.44
"2004-03-25",34.36
"2004-03-26",35.36
"2004-03-29",32.82
"2004-03-30",32.38
"2004-03-31",33.17
"2004-04-01",32.41
"2004-04-02",32.19
"2004-04-05",30.84
"2004-04-06",31.16
"2004-04-07",31.43
"2004-04-08",33.08
"2004-04-09",33.31
"2004-04-13",33.31
"2004-04-14",33.71
"2004-04-15",33
"2004-04-16",33.65
"2004-04-19",33.89
"2004-04-20",33.63
"2004-04-21",33.15
"2004-04-22",32.75
"2004-04-23",32.87
"2004-04-26",33.28
"2004-04-27",33
"2004-04-28",34.33
"2004-04-29",34.69
"2004-04-30",33.98
"2004-05-03",35.02
"2004-05-04",33
"2004-05-05",33.71
"2004-05-06",37.09
"2004-05-07",37.31
"2004-05-10",37.31
"2004-05-11",37.04
"2004-05-12",37.34
"2004-05-13",38.52
"2004-05-14",38.3
"2004-05-17",39.07
"2004-05-18",38.9
"2004-05-19",38.15
"2004-05-20",38.69
"2004-05-21",38.9
"2004-05-24",37.4
"2004-05-25",38.85
"2004-05-26",38.27
"2004-05-27",38.05
"2004-05-28",36.96
"2004-06-01",37.04
"2004-06-02",39
"2004-06-03",38.42
"2004-06-04",36.65
"2004-06-07",35.86
"2004-06-08",35.3
"2004-06-09",36.42
"2004-06-10",34.74
"2004-06-11",35.8
"2004-06-14",35.64
"2004-06-15",36.5
"2004-06-16",34.55
"2004-06-17",34.5
"2004-06-18",34.5
"2004-06-21",35.72
"2004-06-22",35.77
"2004-06-23",34.87
"2004-06-24",34.6
"2004-06-25",34.85
"2004-06-28",34.4
"2004-06-29",33.25
"2004-06-30",33.03
"2004-07-01",33.04
"2004-07-02",33.64
"2004-07-06",35.12
"2004-07-07",36.53
"2004-07-08",36.07
"2004-07-09",36.93
"2004-07-12",37.64
"2004-07-13",37.85
"2004-07-14",36.53
"2004-07-15",37.38
"2004-07-16",38.02
"2004-07-19",38.81
"2004-07-20",39.08
"2004-07-21",38.94
"2004-07-22",38.63
"2004-07-23",39.33
"2004-07-26",39.48
"2004-07-27",39.32
"2004-07-28",40.08
"2004-07-29",41.16
"2004-07-30",40.88
"2004-08-02",41.61
"2004-08-03",41.68
"2004-08-04",42.51
"2004-08-05",42.66
"2004-08-06",43.5
"2004-08-09",43
"2004-08-10",44
"2004-08-11",43.32
"2004-08-12",43.3
"2004-08-13",44.04
"2004-08-16",44.96
"2004-08-17",45.13
"2004-08-18",44.6
"2004-08-19",44.26
"2004-08-20",44.8
"2004-08-23",44.77
"2004-08-24",44.99
"2004-08-25",43.09
"2004-08-26",42.37
"2004-08-27",40.73
"2004-08-30",40.63
"2004-08-31",40.63
"2004-09-01",39.75
"2004-09-02",41.12
"2004-09-03",42.1
"2004-09-07",41.33
"2004-09-08",40.53
"2004-09-09",40.94
"2004-09-10",41.76
"2004-09-13",42.48
"2004-09-14",42.48
"2004-09-15",41.68
"2004-09-16",42.15
"2004-09-17",41.16
"2004-09-20",42.68
"2004-09-21",43.49
"2004-09-22",44.36
"2004-09-23",45.93
"2004-09-24",45.93
"2004-09-27",45.93
"2004-09-28",47
"2004-09-29",47.09
"2004-09-30",46.81
"2004-10-01",47.26
"2004-10-04",47.29
"2004-10-05",47
"2004-10-06",47.16
"2004-10-07",47.42
"2004-10-08",48.44
"2004-10-11",48.99
"2004-10-12",50.76
"2004-10-13",51.47
"2004-10-14",49.82
"2004-10-15",49.82
"2004-10-18",51.15
"2004-10-19",49.39
"2004-10-20",48.84
"2004-10-21",49.43
"2004-10-22",50.73
"2004-10-25",52.09
"2004-10-26",52.13
"2004-10-27",51.43
"2004-10-28",51.97
"2004-10-29",49.79
"2004-11-01",48.02
"2004-11-02",46.54
"2004-11-03",45.92
"2004-11-04",45.17
"2004-11-05",45.59
"2004-11-08",44.54
"2004-11-09",44.27
"2004-11-10",42.46
"2004-11-11",42.16
"2004-11-12",43.47
"2004-11-15",41.58
"2004-11-16",41.58
"2004-11-17",40.69
"2004-11-18",39.83
"2004-11-19",40.03
"2004-11-22",42.45
"2004-11-23",42.67
"2004-11-26",42.42
"2004-11-29",42.99
"2004-11-30",45.57
"2004-12-01",44.04
"2004-12-02",41.47
"2004-12-03",38.25
"2004-12-06",38.25
"2004-12-07",38.61
"2004-12-08",37.41
"2004-12-09",37.52
"2004-12-10",38.36
"2004-12-13",36.86
"2004-12-14",38.07
"2004-12-15",37.25
"2004-12-16",37.25
"2004-12-17",40.67
"2004-12-20",40.67
"2004-12-21",43.02
"2004-12-22",42.7
"2004-12-23",42.81
"2004-12-24",42.81
"2004-12-27",42.81
"2004-12-28",42.81
"2004-12-29",42.81
"2004-12-30",38.96
"2004-12-31",39.9
"2005-01-03",39.9
"2005-01-04",39.9
"2005-01-05",40.08
"2005-01-06",47.03
"2005-01-07",43.07
"2005-01-10",43.54
"2005-01-11",44.63
"2005-01-12",43.16
"2005-01-13",42.76
"2005-01-14",45.12
"2005-01-17",45.66
"2005-01-18",45.66
"2005-01-19",44.86
"2005-01-20",45.05
"2005-01-21",44.1
"2005-01-24",45.75
"2005-01-25",45.65
"2005-01-26",46.08
"2005-01-27",46.23
"2005-01-28",46.75
"2005-01-31",44.98
"2005-02-01",44.98
"2005-02-02",45.05
"2005-02-03",44.09
"2005-02-04",43.01
"2005-02-07",43.62
"2005-02-08",42.68
"2005-02-09",42.68
"2005-02-10",43.37
"2005-02-11",43.9
"2005-02-14",44.34
"2005-02-15",44
"2005-02-16",44.67
"2005-02-17",44.83
"2005-02-18",45.99
"2005-02-21",45.99
"2005-02-22",45.74
"2005-02-23",47.27
"2005-02-24",47.76
"2005-02-25",49.01
"2005-02-28",49.33
"2005-03-01",49.33
"2005-03-02",49.92
"2005-03-03",50.63
"2005-03-04",53.08
"2005-03-07",52.23
"2005-03-08",52.46
"2005-03-09",53.03
"2005-03-10",53.85
"2005-03-11",53.85
"2005-03-14",53.85
"2005-03-15",53.24
"2005-03-16",53.49
"2005-03-17",54.9
"2005-03-18",55.48
"2005-03-21",55.68
"2005-03-22",55.49
"2005-03-23",55.7
"2005-03-24",55.7
"2005-03-25",52.36
"2005-03-28",52.36
"2005-03-29",52.36
"2005-03-30",51.28
"2005-03-31",50.54
"2005-04-01",52.3
"2005-04-04",53.89
"2005-04-05",55.54
"2005-04-06",54.44
"2005-04-07",54.18
"2005-04-08",54.08
"2005-04-11",51.76
"2005-04-12",52.11
"2005-04-13",52.61
"2005-04-14",50.93
"2005-04-15",49.79
"2005-04-18",54.57
"2005-04-19",49.48
"2005-04-20",50.2
"2005-04-21",51.2
"2005-04-22",51.64
"2005-04-25",53.28
"2005-04-26",53.11
"2005-04-27",51.73
"2005-04-28",51.05
"2005-04-29",50.24
"2005-05-02",50.74
"2005-05-03",50.74
"2005-05-04",49.83
"2005-05-05",50.07
"2005-05-06",48.79
"2005-05-09",50.21
"2005-05-10",49.45
"2005-05-11",50.26
"2005-05-12",48.94
"2005-05-13",46.63
"2005-05-16",46.32
"2005-05-17",46.35
"2005-05-18",47.29
"2005-05-19",48.19
"2005-05-20",48.09
"2005-05-23",48.22
"2005-05-24",46.63
"2005-05-25",46.98
"2005-05-26",48.95
"2005-05-27",48.99
"2005-05-31",49.71
"2005-06-01",50.52
"2005-06-02",51.82
"2005-06-03",52.8
"2005-06-06",53.41
"2005-06-07",53.71
"2005-06-08",53.18
"2005-06-09",53.25
"2005-06-10",52.75
"2005-06-13",53.25
"2005-06-14",53.07
"2005-06-15",53.29
"2005-06-16",53.5
"2005-06-17",54.74
"2005-06-20",56.15
"2005-06-21",53.17
"2005-06-22",57.32
"2005-06-23",55.92
"2005-06-24",57.1
"2005-06-27",57.03
"2005-06-28",58.49
"2005-06-29",57.68
"2005-06-30",55.48
"2005-07-01",55.35
"2005-07-05",57.29
"2005-07-06",57.69
"2005-07-07",58.5
"2005-07-08",57.43
"2005-07-11",58.95
"2005-07-12",56.04
"2005-07-13",58.15
"2005-07-14",58.22
"2005-07-15",56.78
"2005-07-18",57.41
"2005-07-19",56.93
"2005-07-20",56.93
"2005-07-21",56.28
"2005-07-22",55.54
"2005-07-25",56.95
"2005-07-26",57.44
"2005-07-27",58.52
"2005-07-28",58.34
"2005-07-29",58.44
"2005-08-01",59.79
"2005-08-02",61.01
"2005-08-03",60.39
"2005-08-04",60.21
"2005-08-05",61.03
"2005-08-08",63.04
"2005-08-09",62.68
"2005-08-10",62.57
"2005-08-11",62.74
"2005-08-12",65.64
"2005-08-15",67.09
"2005-08-16",66.7
"2005-08-17",66.06
"2005-08-18",63.71
"2005-08-19",61.71
"2005-08-22",63.93
"2005-08-23",65.64
"2005-08-24",64.97
"2005-08-25",64.97
"2005-08-26",66.02
"2005-08-29",66.47
"2005-08-30",66.47
"2005-08-31",66.04
"2005-09-01",66.81
"2005-09-02",66.99
"2005-09-05",66.99
"2005-09-06",66.51
"2005-09-07",63.96
"2005-09-08",64.12
"2005-09-09",63.79
"2005-09-12",63.25
"2005-09-13",60.75
"2005-09-14",61.7
"2005-09-15",61.25
"2005-09-16",61.25
"2005-09-20",63.31
"2005-09-21",62.61
"2005-09-22",64.49
"2005-09-23",64.49
"2005-09-26",64.49
"2005-09-27",61.62
"2005-09-28",62.79
"2005-09-29",62.88
"2005-09-30",63.04
"2005-10-04",62
"2005-10-05",60.1
"2005-10-06",61.07
"2005-10-07",58.25
"2005-10-11",56.25
"2005-10-12",58.23
"2005-10-13",59.28
"2005-10-14",60.18
"2005-10-17",58.24
"2005-10-18",58.24
"2005-10-19",58.87
"2005-10-20",58.87
"2005-10-21",56.6
"2005-10-24",56.91
"2005-10-25",57.45
"2005-10-26",58.9
"2005-10-27",60.07
"2005-10-28",58.18
"2005-10-31",58.18
"2005-11-01",58.5
"2005-11-03",58.71
"2005-11-04",59.44
"2005-11-07",60.29
"2005-11-08",58.31
"2005-11-09",57.6
"2005-11-10",57.46
"2005-11-11",54.9
"2005-11-15",54.2
"2005-11-16",54.09
"2005-11-17",54.09
"2005-11-18",53.77
"2005-11-21",52.66
"2005-11-22",53.13
"2005-11-23",53.98
"2005-11-25",54.52
"2005-11-28",53.04
"2005-11-29",52.99
"2005-11-30",53.44
"2005-12-01",53.24
"2005-12-02",53.43
"2005-12-06",57.64
"2005-12-07",55.78
"2005-12-08",55.27
"2005-12-09",56.28
"2005-12-13",57.42
"2005-12-14",58.85
"2005-12-15",59.47
"2005-12-16",59.89
"2005-12-19",58.21
"2005-12-20",56.19
"2005-12-21",56.1
"2005-12-22",56.46
"2005-12-23",57.13
"2005-12-26",57.13
"2005-12-28",57.13
"2005-12-29",57.15
"2005-12-30",57.35
"2006-01-02",59.17
"2006-01-04",61.46
"2006-01-05",61.33
"2006-01-06",61.77
"2006-01-10",62.52
"2006-01-11",62.83
"2006-01-12",61.46
"2006-01-13",62.66
"2006-01-16",62.03
"2006-01-17",62.03
"2006-01-18",63.61
"2006-01-19",63.63
"2006-01-20",63.67
"2006-01-23",64.91
"2006-01-24",65.96
"2006-01-25",63.81
"2006-01-26",62.42
"2006-02-01",65.2
"2006-02-02",66.15
"2006-02-03",62.92
"2006-02-07",63.35
"2006-02-08",61.51
"2006-02-09",61.22
"2006-02-10",60.65
"2006-02-13",59.41
"2006-02-14",59.08
"2006-02-15",59.1
"2006-02-16",57.61
"2006-02-17",56.83
"2006-02-22",59.56
"2006-02-23",58.55
"2006-02-24",58.85
"2006-02-27",60.3
"2006-02-28",59.37
"2006-03-01",59.61
"2006-03-02",60.64
"2006-03-03",63.04
"2006-03-07",61.79
"2006-03-08",60.13
"2006-03-09",58.82
"2006-03-10",58.59
"2006-03-14",60.37
"2006-03-15",62.17
"2006-03-16",63.08
"2006-03-17",62.14
"2006-03-20",64.58
"2006-03-21",61.98
"2006-03-22",59.96
"2006-03-23",61.34
"2006-03-24",61.9
"2006-03-27",62.97
"2006-03-28",64.52
"2006-03-29",62.66
"2006-03-30",65.86
